organisation_event;financial_year;grant_type;initiative;cash;in_kind_support;total
Action for Change Foundation;22/23;Sponsorships;Quiz for Dili;5245;0;5245
Agentur Pty Ltd;20/21;Environmental Grant;SERA 2021 Sponsorship Session (Society for Ecological Restoration Australasia);1500;0;1500
Amazing XR;22/23;Community Grant;Nine week Virtual Reality Gaming program for ages 13 years plus (targeting LGBTQI and girls). 3 x 1.5hr VR E-sports gaming sessions (one per week at 3.30pm at The Shak (Sanderson Middle school). The last gaming session (on Sat 10/12) will be a special event allowing a “play off” between participants selected by Debbe throughout the program (based on skill, sportsmanship/most improved).;9929;0;9929
Aqua Ann;22/23;Sponsorships;Healthy Darwin Dry Season – Outdoor Aqua Fun & Fitness;0;149;149
Arafura Wind Ensemble Incorporated;23/24;Cyclone Tracy 50th Anniversary Commemoration Grants;Performance – musical dialogue of the music of the time of Cyclone Tracy;4050;0;4050
Arafura Wind Ensemble Incorporated;22/23;Community Grant;We are inviting the community to celebrate our 30th birthday with us through two free musical performances including guest vocalists in 2023. One performance will be indoors to maximise performance quality. The other outdoors and the performance audience specifically for children, and will include an inaugural performance of music specifically arranged for our concert band.;5250;0;5250
ASMY;24/25;Sponsorships;Healthy Darwin 2025 dry season weekly activity – Hatha yoga and mantra (13 sessions);0;260;260
Athletics Northern Territory Incorporated;21/22;Sponsorships;;5000;2500;7500
Australia Hotel Association – NT Branch Inc;22/23;Sponsorships;2022 Gold Plate Awards – Darwin Local Produce Champion / Production of the Year Award;9091;0;9091
Australian Youth Climate Coalition (AYCC);19/20;Sponsorships;;3000;0;3000
Bass in the Grass;20/21;Sponsorships;;0;9000;9000
Biodiversity Watch;22/23;Sponsorships;Cane Toad Management Events;1000;0;1000
Biodiversity Watch;23/24;Environmental Grant;Research to minimise the effects of cane toads on Darwin’s goanna population;8565;0;8565
BirdLife Top End;23/24;Sponsorships;Shorebird Festival – opening reception;0;120;120
Brother to Another Inc;21/22;Community Grant;Mentoring & Weekend Activity Participation Costs;5000;0;5000
Brown’s Mart Arts Ltd;23/24;Sponsorships;Brown’s Mart’s Artistic Program including the First Nations Writing Program;10000;0;10000
Brown’s Mart Arts Ltd;21/22;Sponsorships;;8500;1500;10000
Brown’s Mart Arts Ltd;21/22;Sponsorships;;10000;1000;11000
Cancer Patients Foundation;19/20;Community Grant;Look Good, Feel Better;3000;0;3000
Carolyn Macdonald, Auspiced by Brown’s Mart;19/20;Environmental Grant;High Tides at Casuarina Square;6000;0;6000
Charles Darwin University;21/22;Environmental Grant;Research – Rapid Creek Bird Abundance Phase 1;9971;0;9971
Charles Darwin University;20/21;Environmental Grant;George Brown Memorial Scholarship;3000;0;3000
Childbirth Education Australia;23/24;Environmental Grant;Promote the use of modern cloth nappies as an alternative to disposable nappies;7475;0;7475
Chinese Community of Northern Australia Incorporated;21/22;Community Grant;Mid-Autumn Festival;5000;0;5000
Christmas in Darwin Association;21/22;Operational Subsidy;;30000;0;30000
Christmas in Darwin Association;22/23;Operational Subsidy;;31530;0;31530
Climate Action Darwin, Auspiced by Environment Centre NT;19/20;Environmental Grant;Darwin, A Climate Awakening;2700;0;2700
Clubhouse Territory Inc;21/22;Community Grant;Be-Inclusive Games Programs;7538;0;7538
Corrugated Iron Youth Arts;21/22;Community Grant;Nitestreet 2002;8841;0;8841
Corrugated Iron Youth Arts;21/22;Community Grant;Youth Sector Mapping;4965;0;4965
Corrugated Iron Youth Arts;24/25;Sponsorships;Corrugated Iron Youth Arts Birthday Celebration Event;0;305;305
Crime Stoppers Northern Territory;23/24;Community Grant;Pedestrian Road Safety;5000;0;5000
CSIRO;23/24;Sponsorships;Environmental sensor monitoring, Chapel Lane redevelopment;0;875;875
Danila Dilba Health Service Aboriginal Corporation;19/20;COVID-19 Community Grant;COVID-19 Community Awareness and Safety;10000;0;10000
Darwin Aboriginal Art Fair Foundation;19/20;Sponsorships;;5000;0;5000
Darwin Aboriginal Art Fair Foundation;19/20;Community Grant;2019 From Country to Couture Mentoring Project;5000;0;5000
Darwin Aboriginal Art Fair Foundation;23/24;Sponsorships;Darwin Aboriginal Art Fair event;10000;0;10000
Darwin Aboriginal Art Fair Foundation;24/25;Sponsorships;Darwin Aboriginal Art Fair;30000;0;30000
Darwin City and Waterfront Retailers Association;20/21;Operational Subsidy;;50000;0;50000
Darwin City and Waterfront Retailers Association;21/22;Operational Subsidy;;50000;22000;72000
Darwin City Retailers Association Inc;21/22;Sponsorships;;3500;0;3500
Darwin City Retailers Association Inc;22/23;Sponsorships;Christmas Shop Window Competition;3500;0;3500
Darwin Clogging;23/24;Sponsorships;Healthy Darwin 2023 Dry Season – Clogging Dance Classes for All;0;40;40
Darwin Community Arts Incorporated;21/22;Community Grant;DJ Workshops;3980;0;3980
Darwin Entertainment Centre;20/21;Operational Subsidy;;680000;0;680000
Darwin Entertainment Centre;21/22;Operational Subsidy;;680000;0;680000
Darwin Entertainment Centre;23/24;Operational Subsidy;;680000;0;680000
Darwin Festival;20/21;Sponsorships;;150000;11565;161565
Darwin Festival;23/24;Sponsorships;Darwin Festival;150000;6444;156444
Darwin Fringe Festival;20/21;Sponsorships;;8500;255;8755
Darwin Fringe Festival;24/25;Sponsorships;Darwin Fringe Festival;12500;881;13381
Darwin Musical Theatre Incorporated;24/25;Sponsorships;Musical theatre rehearsal;0;1440;1440
Darwin Musical Theatre Incorporated;24/25;Sponsorships;Musical theatre rehearsal;0;960;960
Darwin Seventh Day Adventist Church;19/20;Community Grant;Youth Centre;1160;0;1160
Darwin Skills Development Scheme;22/23;Community Grant;A workshop where we facilitate discussions and training regarding sustainable employment and professional development opportunities. The project will facilitate local creatives navigating the business side of their art practice, building resilience towards continuity of employment. It will address identified skills gaps among artists from across the Darwin region, fostering confidence, capacity building and networks, introducing content that is directly relevant to their discipline field.;10000;0;10000
Darwin Table Tennis Association;22/23;Sponsorships;Australia Junior Open and Training Camp;3000;0;3000
Darwin Tonga Community Incorporation;21/22;Sponsorships;;5000;0;5000
Deadly Enterprises Pty Ltd;20/21;Community Grant;Community Grant 2020/21 – Deadly Cup Project;2332;0;2332
Department of Infrastructure Planning and Logistics;22/23;Sponsorships;Fee waiver – construction of Major Roadworks Upgrade;0;31575;31575
Dinah Beach Cruising Yacht Association Incorporated;22/23;Sponsorships;2023 Ambon Darwin Yacht Race;8000;0;8000
East Timor Women Australia Inc;24/25;Sponsorships;Tais Culture & Resilience: Woven Stories from Timor-Leste;1000;0;1000
Emily Claire Yoga;22/23;Sponsorships;Healthy Darwin Dry Season – Outdoor Slow Yoga;0;149;149
Evita Production;23/24;Sponsorships;Darwin Chorale;0;2912;2912
Fannie Bay History and Heritage Society;21/22;Community Grant;History Mystery Tours;1442;0;1442
Geek Culture Collective NT;23/24;Community Grant;Game On;5983;0;5983
GIRLSTime, Auspiced by Clubhouse Territory;19/20;Community Grant;Growing in Relationships, Laughter and Self;3859;0;3859
HG Fitness;22/23;Sponsorships;Healthy Darwin Dry Season – Yogalates in The Park;0;149;149
Hospitality NT;21/22;Sponsorships;;18182;0;18182
Hospitality NT;24/25;Sponsorships;Golden Plate Awards;10000;0;10000
Indian Orthodox Church Darwin Inc;24/25;Community Grant;Reconciliation Family Fest: meet and greet in Leanyer that builds on the free breakfast program for homeless people that the church has run for 3 years. Includes entertainment programs to enjoy from the minority community and reconciliation programs;2500;0;2500
Indian Street Food Festival;20/21;Sponsorships;;9000;0;9000
Integrated Disability Action;23/24;Sponsorships;International Day of People with Disability;4000;0;4000
Joanna FitzGerald;24/25;Sponsorships;Healthy Darwin 2024 dry season weekly activity (July–Sept) – Sunrise yoga (13 sessions);0;177;177
Joanna FitzGerald;24/25;Sponsorships;Healthy Darwin 2025 dry season program – Sunrise yoga (6 sessions);0;177;177
Jocelyn Tribe (Tangan Collective);24/25;Community Grant;Project Wanga will create a podcast (8 × 45 mins) led by First Nations artists interviewing arts industry members from diverse cultural backgrounds;6605;0;6605
Keith Miller;24/25;Sponsorships;Parenting seminar ×2;0;80;80
Kevin McCarthy;23/24;Cyclone Tracy 50th Anniversary Commemoration Grants;Theatre production;2500;0;2500
Kumadi Design;21/22;Arts Grant;Equipment Purchase;5000;0;5000
Lakeside Drive Community Garden;19/20;Environmental Grant;Open Community Garden Day – Site Preparation;4099;0;4099
Lakeside Drive Community Garden;22/23;Sponsorships;Community composting program;13270;0;13270
Landcare NT;23/24;Environmental Grant;Establish a native flora, fauna and biodiversity science education in Darwin schools;10000;0;10000
Larrakia Nation Aboriginal Corporation;19/20;Environmental Grant;Darwin Harbour Clean-Up 2019;5000;0;5000
Larrakia Nation Aboriginal Corporation;20/21;Environmental Grant;Darwin Harbour Cleanup;5000;0;5000
Larrakia Nation Aboriginal Corporation;21/22;Environmental Grant;Contribution to Darwin Harbour Clean Up 2021;5000;0;5000
Malak Family Centre Inc.;19/20;Community Grant;Malak Family Centre Open Day;2539;0;2539
Media Entertainment & Arts Alliance;23/24;Sponsorships;NT Media Award;1600;0;1600
Media Entertainment & Arts Alliance;24/25;Sponsorships;MEAA NT Media Award;1600;0;1600
Melaleuca Refugee Centre for Torture and Trauma Survivors Service of the NT Inc.;19/20;COVID-19 Community Grant;COVID-19 Community Support;4000;0;4000
Mitchell Street Child Care Centre;19/20;Community Grant;Community Open Day;3500;0;3500
MJD Foundation;21/22;Community Grant;NAIDOC Week Event;5000;0;5000
Multicultural Seniors Social Club;24/25;Community Grant;Gathering of intergenerational individuals from different community organisations to share in the understanding of each other’s culture through performances, singing, dancing, fashion shows, food and music;5000;0;5000
Munanda Terrace Primary School – Bombing of Darwin Interpretive Signage;20/21;Sponsorships;;3460;0;3460
Music NT;20/21;Environmental Grant;The Sacred Life of Trees;9000;0;9000
MyDarwin Vouchers;21/22;Environmental Grant;MyDarwin Vouchers;701280;0;701280
NAIDOC Week;19/20;Sponsorships;;10000;0;10000
National Trust NT;19/20;Community Grant;Heritage Festival 2020;3000;0;3000
Nightcliff Arts Music and Culture Inc;22/23;Sponsorships;Seabreeze Festival;20000;111;20111
Nightcliff Arts Music and Culture Inc;23/24;Sponsorships;2024 Nightcliff Seabreeze Festival – Threading the Foreshore;15000;0;15000
NMACI;24/25;Sponsorships;Nightcliff Seabreeze Festival;0;2922;2922
NoLimits Industrial Solutions C / Wisdom Bar & Café;23/24;Sponsorships;Waiver of outdoor dining fees whilst development of site;0;9690;9690
Northern Territory Government;23/24;Sponsorships;October Business Month;3000;0;3000
Northern Territory Major Events Company;23/24;Sponsorships;BASSINGTHRAS, National Rugby League v B Supercars and Territory Day;0;30000;30000
Northern Territory Momineen Inc;22/23;Community Grant;Northern Territory Momineen Inc is planning to organise an interfaith family fun event on the auspicious occasion of Eid al-Adha (a day celebrated annually by Muslims globally according to the Muslim lunar calendar). People from all ethnic and cultural backgrounds will be invited to participate in this event. We will involve free entertainment activities (slide and jumping castle for children and everyone will have the opportunity to enjoy a variety of cuisines from different parts of the globe for free. Other activities will include face painting and henna tattooing.;4730;0;4730
Northern Territory Police Association;22/23;Sponsorships;Install light tower to illuminate Police Memorial;0;236;236
NT Emergency Services;24/25;Sponsorships;WOW (Wear Orange Wednesday) Day 2025;0;50;50
NT Thai Association;24/25;Sponsorships;NT Thai Grand Festival;0;2013;2013
NT Writers Centre;19/20;Sponsorships;;575;820;1395
NTIBN;24/25;Sponsorships;12th Aboriginal Economic Development Forum;20000;0;20000
Open Gardens NT;19/20;Community Grant;The Art of Growing Communities;4500;0;4500
Parap Family Centre Inc.;19/20;COVID-19 Community Grant;Meals for carers at Parap Family Centre;1600;0;1600
Park Run;24/25;Sponsorships;Event permit;0;2600;2600
PAWS Darwin;19/20;Operational Subsidy;;30000;0;30000
PAWS Darwin;20/21;Operational Subsidy;;30000;0;30000
PAWS Darwin;22/23;Operational Subsidy;;30000;0;30000
Queensland Ballet;21/22;Community Grant;Queensland Ballet Community Regional Tour;5000;0;5000
Returned & Services League of Australia SA Branch, Darwin Sub-Branch;23/24;Sponsorships;ANZAC Day 2024;28000;8000;36000
Royal Agricultural Society of NT Inc;20/21;COVID-19 Community Grant;COVID-19 Response Grants Round 2 – Royal Darwin Show Virtual Mini-Series;5000;0;5000
Royal Agricultural Society of NT Inc;21/22;Sponsorships;;12000;0;12000
Royal Life Saving NT;24/25;Sponsorships;Pipes and Drains campaign 2024/2025;6000;0;6000
Royal Life Saving NT;19/20;Sponsorships;;6000;0;6000
Royal Life Saving Society Australia NT – Pipes & Drains Campaign;20/21;Sponsorships;;6000;0;6000
RSPCA Darwin Regional Branch;19/20;Operational Subsidy;;120000;0;120000
Sea Shepherd Darwin;23/24;Sponsorships;Beach Clean-Up Event;0;256;256
St John Ambulance Australia (NT) Inc;22/23;Community Grant;The Event Health Services AED Upgrade Project will see the purchase of two new AEDs to be used across the Darwin municipality. This purchase will complete the upgrade of our Event Health Services defibrillator stock, ensuring our AEDs are fully functional and fit for purpose (some of our old units are coming up to 10 years old and at the end of their lifespan).;8686;0;8686
Storm PT;22/23;Sponsorships;Healthy Darwin Dry Season – Beginners HIIT;0;149;149
Super Ageing;24/25;Sponsorships;Healthy Darwin 2025 dry season weekly activity – Fitness independence (11 sessions);0;440;440
Surf Life Saving Northern Territory;19/20;Operational Subsidy;;30000;0;30000
Swashbuckler Productions;23/24;Sponsorships;A family space on the Mindil Carnival space and a licensed music event on the beach (Crown Land);0;1825;1825
Swimming Northern Territory Incorporated;20/21;Sponsorships;;9000;0;9000
Swimming Northern Territory Incorporated;24/25;Sponsorships;NT Swimming Championships;8000;0;8000
Territory Fitness Group;23/24;Sponsorships;Healthy Darwin 2023 Dry Season – BoxFit Bootcamp;0;320;320
Territory Native Plants;23/24;Environmental Grant;NT Native Eco Fair;4417;0;4417
Darwin Festival;24/25;Sponsorships;Darwin Festival;150000;16363;166363
The Scout Association of Australia Northern Territory Branch (1st Darwin Scout Group);21/22;Community Grant;2021 Aquafest – Scouts NT;7000;0;7000
The Trustee for the Olive Trust;21/22;Community Grant;Mural painting and skate activation in Bagot Community;2500;0;2500
Top End Women’s Legal Service Inc;22/23;Community Grant;This project will bring together the many multicultural faces of Darwin and unite them through games, activities and dancing as well as traditional foods from various communities.;8000;170;8170
Tourism Top End;20/21;Operational Subsidy;;100000;0;100000
Tourism Top End;24/25;Sponsorships;Cruise ship shuttle;0;6218;6218
Tracey Bunn – Auspicing Body – Browns Mart Theatre;19/20;Community Grant;Venus Rising – A Festival of Women;9225;0;9225
Trybe Yoga Darwin;24/25;Sponsorships;Healthy Darwin 2024–25 wet season weekly activity (Oct–Mar) – Yoga flow for beginners (24 sessions);0;960;960
Two Two One Mental Health Charity;21/22;Community Grant;GO! Nights Cultural Connection;10000;0;10000
Urban Development Institute of Australia NT;22/23;Sponsorships;Premier Gala Event;2750;0;2750
Use Less Plastic;22/23;Sponsorships;Fee Waiver – Permit Fees;0;630;630
Use Less Plastic;23/24;Sponsorships;Too Much Stuff Market – occurs monthly during the dry season;0;630;630
Variety – The Children’s Charity;22/23;Community Grant;The Variety NT Bash is 30 years old, its event brings the celebration to the community. By providing free fun and entertainment we are helping connect the community. By helping kids in need they sick, disadvantaged or living with a disability, we are helping create a city that is liveable.;10000;0;10000
Vietnamese Community in Australia – NT Chapter;22/23;Community Grant;Tet Festival 2023 Celebration (Vietnamese Lunar New Year) with folk dance performances, showcasing traditional Vietnamese costume, “Ao Dai” fashion parade and local Vietnamese singers. The Tet Festival is a free community event for all Territorians. Traditional Vietnamese foods and drinks are provided.;3140;0;3140
Vocalective;23/24;Community Grant;Elijah by Felix Mendelssohn;10000;0;10000
Wild North Arts Inc.;23/24;Community Grant;Wild North Comic Con ’24;5000;0;5000
Wildcare Inc.;23/24;Community Grant;Show bags;2000;0;2000
Workforce Plus;24/25;Community Grant;Sensory Community Garden: an inclusive and accessible outdoor space designed for people with dementia and people with disability. Established at Equal Grounds Café in Winnellie;3000;0;3000
Yuyang Yoga;24/25;Sponsorships;Healthy Darwin 2024–25 wet season (Oct–Mar) – Qigong (12 sessions);0;240;240
Zimbabwe Darwin Community Association;21/22;Community Grant;Weekly Dance Nights;5000;0;5000
Arts Access Darwin, Darwin Community Arts;22/23;Community Grant;A group of 6 artists with disability from Arts Access Darwin’s Free Space Studio program will develop original public artwork to be painted on the Sand Creek Foreshore. The artwork titled Tidal Reflections will be thematically integrated with the natural environment of the foreshore.;8097;1750;9847
ASMY;24/25;Sponsorships;Healthy Darwin 2024 dry season weekly activity (July–Sept) – Hatha yoga and mantra (13 sessions);0;520;520
Athletics Northern Territory Incorporated;24/25;Sponsorships;NT City2Surf;10000;500;10500
Athletics Northern Territory Incorporated;22/23;Sponsorships;City2Surf;5000;490;5490
Australia China Friendship Society NT;22/23;Sponsorships;50th Anniversary diplomatic relations celebration between China and Australia;800;0;800
Australian American Association of the Northern Territory Inc;24/25;Sponsorships;USS Peary memorial service;3322;325;3647
Australian Childhood Foundation;24/25;Sponsorships;Youth-focused, trauma-informed alcohol and other drugs practice;0;95;95
Australian Defence For;23/24;Sponsorships;;0;80;80
Australian Institute of Animal Management (AIAM) Workshop;19/20;Sponsorships;;6000;0;6000
Australian Red Cross Society;21/22;Community Grant;SHAK Excursions;5000;0;5000
Belong Group;21/22;Sponsorships;;750;0;750
Big Dog Salad;23/24;Cyclone Tracy 50th Anniversary Commemoration Grants;Feature film;5000;0;5000
Black Candy;21/22;Sponsorships;;1000;0;1000
Brother to Another Inc;23/24;Community Grant;Brother to Another after hours identity program;9000;0;9000
Browns Mart Shimmer;19/20;Sponsorships;;10000;0;10000
Bua Sareng;22/23;Sponsorships;Fee Waiver – Permit Fees;0;268;268
CBD Activation Contingency;19/20;Operational Subsidy;;50000;0;50000
Charles Darwin University;21/22;Environmental Grant;Research – Stephen Reynolds Shading Property;11934;0;11934
Charles Darwin University;21/22;Environmental Grant;George Brown Memorial Scholarship;3000;0;3000
Christmas in Darwin;21/22;Street Light Banner;Free waived fee award;0;16166;16166
Christmas in Darwin Association;22/23;Sponsorships;Carols by Candlelight;0;162;162
Christmas in Darwin Association;23/24;Operational Subsidy;;30000;0;30000
City2Surf (Athletics NT);19/20;Sponsorships;;5000;0;5000
Clubhouse Territory Inc;19/20;Community Grant;Be Inclusive Games – Wheelchair Basketball Program 2019;1400;0;1400
Corrugated Iron Youth Arts;24/25;Community Grant;Youth Performing Arts Festival – Futures Collide: includes workshops, parade and 40th Birthday celebrations for children, young people and emerging and early career artists;10000;0;10000
Corrugated Iron Youth Arts;20/21;COVID-19 Community Grant;COVID-19 Response Grants – Youth Theatre Project;6064;0;6064
Crafts Council of the Northern Territory;24/25;Sponsorships;Tactile Arts Makers Markets;12500;768;13268
Cruiseship Industry;22/23;Sponsorships;Cruise ship Shuttle Buses;0;9720;9720
Darwin Aboriginal Art Fair Foundation;22/23;Sponsorships;Darwin Aboriginal Art Fair;10000;0;10000
Darwin Basketball Association;20/21;Community Grant;Out of Round Community Grants Program 2020/21;3000;0;3000
Darwin Bellydance;24/25;Sponsorships;Healthy Darwin 2025 dry season program – Come and try belly dancing (2 sessions);0;177;177
Darwin Chorale;23/24;Sponsorships;Local theatre production;0;1440;1440
Darwin City Brass Band;19/20;Operational Subsidy;;30000;0;30000
Darwin City Brass Band;20/21;Operational Subsidy;;30000;0;30000
Darwin City Retailers Association Inc;22/23;Sponsorships;Renew Darwin;27160;0;27160
Darwin City Retailers Association Inc;22/23;Sponsorships;Lord Mayor’s Easter Egg Hunt;2000;0;2000
Darwin City Retailers Association Inc;24/25;Sponsorships;Darwin City Retailers Association;15000;0;15000
Darwin Community Arts Incorporated;24/25;Community Grant;A series of workshops creating interactive, multi-sensory, immersive performances made with, by and for people with neurodiversity and disability, children and families;9678;0;9678
Darwin Community Arts Incorporated;20/21;Community Grant;Together While Apart – Skill Share Series;9565;0;9565
Darwin Community Legal Service;24/25;Sponsorships;Legal service;0;200;200
Darwin Cycling Club Incorporated;22/23;Sponsorships;Sunbuild Top End Gran Fondo;10000;0;10000
Darwin Entertainment Centre;22/23;Operational Subsidy;;680000;0;680000
Darwin Lions Beer Can Regatta Inc.;24/25;Sponsorships;Beer Can Regatta 2025;0;1272;1272
Darwin Malayalee Association Incorporated;23/24;Community Grant;Medamasa Ravu 2024;5000;0;5000
Darwin Memorial Uniting Church, Uniting Church in Australia, Northern Synod Property Trust NT;19/20;Community Grant;City Heat Playground;3000;0;3000
Darwin Men’s Shed;21/22;Community Grant;Safer Machinery for Members;1909;0;1909
Darwin Sailes Ltd;23/24;Sponsorships;Darwin Sailes 2024 season;17000;0;17000
Darwin Social Chess Club;23/24;Sponsorships;Sundays weekly 4.15–6.15pm (excluding last Sunday of month);0;280;280
Darwin Symphony Orchestra;23/24;Cyclone Tracy 50th Anniversary Commemoration Grants;Performance of a new Larrakia work;5000;0;5000
Darwin Visual Arts Association;19/20;Community Grant;Darwin CBD Walking Art Tour;9335;0;9335
Deaf Connect;23/24;Community Grant;Celebrating National Week of Deaf People 2023;5017;0;5017
Electric Storm Halloween Music Festival;23/24;Sponsorships;Electric Storm Halloween Music Festival;0;4175;4175
Eliza Barwick Naturopath;24/25;Sponsorships;Healthy Darwin 2024–25 wet season (Oct–Mar) – Nutrition workshops (3 sessions);0;270;270
Ellas Titans Sports Club;21/22;Community Grant;3 x 3 Basketball Series;4179;0;4179
Emilygolady;22/23;Sponsorships;Healthy Darwin Dry Season – Zumba Blush Yoga;0;221;221
Enterprise Learning Projects;23/24;Reconciliation;Reconciliation Week Change Maker Event;10000;0;10000
Environment Centre NT;20/21;COVID-19 Community Grant;COVID-19 Response Grants Round 2 – Growing and Using Local Produce (Darwin);7949;0;7949
Environment Centre NT;20/21;Environmental Grant;Sustainable House Day 2020 – Coolmob;7750;0;7750
Fathima Ilma Ali auspiced by Melaleuca Australia;23/24;Community Grant;Arts and Fashion Show 2023;5000;0;5000
Football Federation Northern Territory;21/22;Community Grant;New Flexible Women’s Football Programs;4500;0;4500
Garuwa;21/22;Sponsorships;;10000;0;10000
Greek Orthodox Community;23/24;Sponsorships;Genifest Festival 2024;0;2250;2250
Greek Orthodox Community;24/25;Sponsorships;Greek Glenti Festival;0;2318;2318
Greening Australia;19/20;Environmental Grant;Whose Rat Is That?;3840;0;3840
HeartKids Ltd;19/20;COVID-19 Community Grant;HeartKids Virtual Playgroup Support Program;4000;0;4000
Henbury School;19/20;Community Grant;Henbury on Aralia;5000;0;5000
HG Fitness;24/25;Sponsorships;Healthy Darwin 2024 dry season weekly activity (July–Sept) – Yogalates (13 sessions);0;177;177
Hospitality NT;23/24;Sponsorships;Local Produce Award and Aristocrat Technologies Awards for Excellence;10909;0;10909
Individual;22/23;Sponsorships;Fee Waiver – Shoal Bay Commercial Fee;0;66;66
Integrated Disability Action;22/23;Sponsorships;International Day of People with Disability;3500;0;3500
Ironbark Aboriginal Corp;21/22;Community Grant;Darwin Youth Forum;5000;0;5000
Jack MacMillan;21/22;Arts Grant;Small Plays in the Swamp;4889;0;4889
Kindness Shake;20/21;COVID-19 Community Grant;COVID-19 Response Grants Round 2 – Kindness Space Project;7500;0;7500
Lakeside Drive Community Garden;24/25;Environmental Grant;Growing with the Seasons community workshops based on the Gulumoerrgin seasonal calendar for sustainable planting, growing and cooking in Darwin;11910;0;11910
Larrakia Nation Aboriginal Corporation;22/23;Sponsorships;Darwin Harbour Clean up;7273;0;7273
Larrakia Nation Aboriginal Corporation;22/23;Sponsorships;NAIDOC Week;25000;45;25045
Larrakia Nation Aboriginal Corporation;24/25;Sponsorships;NAIDOC Week;25000;0;25000
Larrakia Nation Aboriginal Corporation;24/25;Reconciliation;NAIDOC Week event with Berrimah businesses;7000;0;7000
Loong Fong;22/23;Sponsorships;Hospitality Battle of Crete delegation;813;0;813
Malak Marketplace Incorporated;20/21;Community Grant;Out of Round Community Grant 2020/21 – Emerging Music;3150;0;3150
Mayala-Bol;24/25;Reconciliation;Community Engagement Program NAIDOC Week – Blak History, resilience and joy at Browns Mart;9061;0;9061
MCNT;24/25;Sponsorships;Homework club;0;950;950
Media Entertainment & Arts Alliance;21/22;Sponsorships;;1600;0;1600
Media Entertainment & Arts Alliance;22/23;Sponsorships;2022 NT Media Awards Best News Television/Radio Best News Coverage;1600;0;1600
Melaleuca Australia;21/22;Community Grant;Kushone Collective – Men Sewing and Sharing;9400;0;9400
Mission Australia;21/22;Community Grant;School Holiday Activity Equipment and Excursion Costs;3979;0;3979
Miyartiwi Dreaming;21/22;Community Grant;Makeup Skills & Empowerment Workshop for Young Women;5000;0;5000
Moogie Down Productions;21/22;Community Grant;Busking in Darwin Project;2000;0;2000
Movement and Mindset Coaching;23/24;Sponsorships;Healthy Darwin 2023 Dry Season – Mindful Movement with Marina;0;40;40
Multicultural Multigenerational Mainstream Dance;23/24;Community Grant;Darwin K-pop Random Dance 50;5000;0;5000
Nature’s Flow;19/20;Community Grant;Disabilities Yoga;2340;0;2340
Nepalese Association of Northern Territory Incorporated;19/20;COVID-19 Community Grant;Emergency support to members of Nepalese community of Darwin severely affected by COVID-19;4000;0;4000
Nightcliff Arts Music and Culture Inc;21/22;Sponsorships;;10000;1000;11000
Nightcliff Arts Music and Culture Inc;19/20;COVID-19 Community Grant;Nightcliff Seabreeze Festival 2020 @ Home;3500;0;3500
Nightcliff Seabreeze Festival;20/21;Sponsorships;;25000;0;25000
Northern Centre for Contemporary Art;20/21;COVID-19 Community Grant;COVID-19 Response Grants Round 2 – Digital Adaptation of “Portrait of a Teenage”;4100;0;4100
Northern Territory Indigenous Business Network;23/24;Sponsorships;The 11th Aboriginal Economic Development Forum;5000;0;5000
Northern Territory Multiple Births Club;22/23;Community Grant;NTMBC will be hosting a celebration event for Multiple Birth Awareness Week 2023 with food, facepainting, circus workshops and activities as part of a national campaign to raise awareness around, and draw attention to, the unique realities for multiple birth families in Australia – and how advocacy, positive education and engaged communities can contribute to enabling positive health outcomes for families with multiples.;1227;60;1287
NT Major Events – Tropical Light Bruce Munro Exhibition;19/20;Sponsorships;;5000;0;5000
NT Thai Association;24/25;Sponsorships;Thailand Grand Festival NT;2000;0;2000
NT Writers Centre;23/24;Sponsorships;2024 NT Writers’ Festival;10000;50;10050
NT Writers Centre;20/21;Community Grant;Graphic Novel Club Project;5500;0;5500
NT Writers Centre;20/21;Community Grant;Not Your Average Online Book Club;5760;0;5760
NTHAC (Northern Territory Aids and Hepatitis Council);24/25;Community Grant;Eat, Indulge, Connect: a series of supported social events for women living with HIV to connect over a meal, that aims to address some of the unique challenges faced by this community;5044;0;5044
PAWS Darwin;21/22;Operational Subsidy;;30000;0;30000
Planning Institute of Australia;24/25;Sponsorships;Northern Territory Awards for Excellence;909;0;909
Royal Australian Artillery Association (NT) Inc.;19/20;Environmental Grant;Landscaping of Gun Embankment;4200;0;4200
Royal Life Saving Australia NT Branch Inc;22/23;Sponsorships;Pipes and Drains;6000;0;6000
RSL Darwin Sub-Branch;21/22;Operational Subsidy;;28000;7000;35000
RSPCA Darwin Regional Branch;21/22;Operational Subsidy;;120000;0;120000
RSPCA Darwin Regional Branch;22/23;Operational Subsidy;;120000;0;120000
Sea Shepherd Darwin;24/25;Sponsorships;Sea Shepherd beach clean-up and merchandise selling;0;61;61
Shaun Francis;24/25;Reconciliation;NAIDOC Week mural celebrating dual Nichols Medallist Ted Cooper at Wanderers Football Club;4545;0;4545
Skippers at Dundee Pty Ltd;23/24;Sponsorships;City of Darwin Skippers Cotton Cup;10000;0;10000
Sri Lankan Australian Friendship Association;24/25;Community Grant;Sri Lankan New Year Festival: community-driven cultural event in the Gardens aimed at celebrating the rich traditions of the Sinhala and Tamil New Year in April, including a range of free public events such as cultural games, religious rituals and cultural celebrations, all designed to showcase Sri Lankan heritage while promoting inclusion and harmony across diverse communities in NT;9500;0;9500
Sri Lankan Australian Friendship Association;19/20;COVID-19 Community Grant;SLAFA-City of Darwin COVID-19 Support;4000;0;4000
St John Ambulance Australia (NT) Inc;19/20;Community Grant;Darwin City AED Project;5000;0;5000
St. Thomas Jacobite Syrian Orthodox Church Inc.;23/24;Community Grant;Easter;5000;0;5000
Storm PT;24/25;Sponsorships;Healthy Darwin 2025 dry season weekly activity – Beginners’ HIIT (13 sessions);0;177;177
Stuart Park Childcare Centre;23/24;Environmental Grant;Implement landscaping and passive cooling strategies to enhance climate resilience and educate other childcare centres;21000;0;21000
Studio G Darwin;21/22;Arts Grant;Happy Place;4500;0;4500
Sugarbag Incorporated;24/25;Community Grant;Sugarbag Festival Bick Park: free arts and culture all-ages event in May that activates Austin Lane, in the heart of Darwin City, providing a platform for the community to come together and celebrate local talents. Part of the LGBTQIA+ led Sugarbag festival;10000;0;10000
Surf Life Saving Northern Territory;24/25;Sponsorships;Beach Lifesaving service operating sponsorship;30000;0;30000
Surf Life Saving Northern Territory;20/21;Operational Subsidy;;30000;0;30000
Table Tennis NT;23/24;Sponsorships;2023 Table Tennis Youth Contender Darwin;5500;0;5500
Table Tennis NT;24/25;Sponsorships;WTT Youth Contender Darwin;10000;0;10000
Team Aquarium;23/24;Sponsorships;Healthy Darwin 2023 Dry Season – Try a Tri This Dry!;0;60;60
The Darwin City Brass Band Association Incorporated;24/25;Sponsorships;Darwin City Brass Band – service delivery – Music for the Community;30000;0;30000
Darwin Festival;21/22;Sponsorships;;150000;18000;168000
Darwin Festival;22/23;Sponsorships;Darwin Festival;150000;0;150000
The Korean Association in Australia Northern Territory Incorporated;23/24;Community Grant;Northern Territory K-Pop contest;5000;0;5000
The Royal Agricultural Society of Northern Territory Inc;22/23;Sponsorships;Royal Darwin Show;15000;0;15000
Timor Leste Consulate Office;24/25;Sponsorships;Cultura de Timor Leste;500;0;500
Tokyo Crepes Couture;24/25;Sponsorships;Bundilla activation;2440;0;2440
Top End Mustangs Inc;21/22;Arts Grant;Line Dancing for Community Members;2971;0;2971
Top End Pride NT Incorporated;23/24;Community Grant;Darwin Pride 2024 – Pride March;5000;0;5000
Tourism Top End;21/22;Operational Subsidy;;100000;0;100000
Two Two One Mental Health Charity;21/22;Community Grant;Boys Night @ The SHAK;5000;0;5000
Viva Latin America Festival;24/25;Sponsorships;Viva Latin America Festival;0;704;704
Waste Energy Benefits US;24/25;Environmental Grant;Reusable foodware, seating and commercial dishwashing setup at Nightcliff Market to reduce single-use packaging waste;10000;0;10000
Wildcare Inc.;19/20;COVID-19 Community Grant;Storage for COVID-19 supplies;2900;0;2900
Writer, Producer Angelo Raza;24/25;Sponsorships;Promised Land Films PTY – Promising Land, The Northern Stars;1000;0;1000
YWCA Australia;24/25;Community Grant;Two barista training workshops for young mothers participating in Connected Families and Young Mums Strong Mums programs. The young mothers are under 30 years old, unemployed, and most have experienced domestic and family violence and trauma;7600;0;7600
Alexandra Edmondson;21/22;Arts Grant;Made Are We;2640;0;2640
Alliance Française de Darwin Incorporated;24/25;Community Grant;French language classes through song, reading and play for babies, children and their parents. An opportunity for interested English-French bilingual families to meet and connect;2977;0;2977
Anna Thomson;21/22;Arts Grant;Darwin Fringe Variety Showcase Development;5000;0;5000
Armistice Day Campaign;21/22;Street Light Banner;Free waived fee award;0;4864;4864
Artback Incorporated;21/22;Community Grant;Tangan – Building a Collective;10000;0;10000
ASMY;24/25;Sponsorships;Healthy Darwin 2024–25 wet season weekly activity (Oct–Mar) – Hatha yoga and mantra (24 sessions);0;960;960
Australian Association for Environmental Education NT;19/20;Environmental Grant;Sustaining Urban and Peri-urban Endangered Reptiles – SUPER;5000;0;5000
Brown’s Mart Arts Ltd;22/23;Sponsorships;Browns Mart;10000;0;10000
Brown’s Mart Arts Ltd;24/25;Sponsorships;Brown’s Mart annual programs and services including performance, arts and community, and hire;10000;0;10000
Browns Mart Shimmer;20/21;Sponsorships;;10000;0;10000
CAAPS Aboriginal Corporation;22/23;Community Grant;CAAPS will partner with Library For All (LFA) in the facilitation of four workshops to create original children’s book manuscripts. LFA’s expert staff will coach and guide Aboriginal and Torres Strait Islander participants to turn a good yarn into a great manuscript that may become a children’s book to support literacy attainment.;10000;0;10000
Cancer Council;24/25;Sponsorships;Dispose of green waste from a patchadine;0;981;981
Carols by Candlelight;19/20;Sponsorships;;30000;0;30000
Carols by Candlelight;20/21;Operational Subsidy;;30000;0;30000
Charles Darwin University;24/25;Sponsorships;National Association of Enabling Educators of Australia Conference 2024;0;891;891
Christmas in Darwin Association;24/25;Sponsorships;Carols by Candlelight 2024;31530;0;31530
Chung Wah Society;23/24;Cyclone Tracy 50th Anniversary Commemoration Grants;Exhibit at NT Chinese Museum;4500;0;4500
COOLmob, a project of the Environment Centre NT;19/20;Environmental Grant;COOLmob Sustainable Apartments Project;7895;0;7895
Corrugated Iron Youth Arts;24/25;Sponsorships;Office 3–6 Airconditioning annual servicing;0;1147;1147
Cruising Yacht Association of the Northern Territory;24/25;Sponsorships;Darwin Dill Yacht Rally Farewell Dinner;5000;0;5000
Cruz Vermelha De Timor-Leste;20/21;Community Grant;International Business Relationships – Sister City Community;10000;0;10000
Darwin Aboriginal Art Fair Foundation;21/22;Sponsorships;;10000;0;10000
Darwin Chorale;24/25;Sponsorships;Darwin Chorale Mary Poppins production;0;1418;1418
Darwin City and Waterfront Retailers Association;19/20;Operational Subsidy;;50000;27280;77280
Darwin City Brass Association;22/23;Operational Subsidy;;30000;0;30000
Darwin City Brass Band;21/22;Operational Subsidy;;30000;0;30000
Darwin City Brass Band;23/24;Operational Subsidy;;30000;0;30000
Darwin Community Arts Incorporated;22/23;Community Grant;Socialise use stories to encode complex information and is passed from generation to generation. The project will invite people from the Darwin area to submit their stories, to be curated into exhibition events taking place during September. Participants will be able to submit through any artform of their choice with a story to tell. The “Through Our Eyes” Darwin Community Arts will provide pre-submission support by working with interpreters, bicultural workers, caseworkers and other people around a participant, together, to ensure that all community members have the confidence to be part and also fully understand what the project is about.;5875;0;5875
Darwin Community Arts Incorporated;19/20;COVID-19 Community Grant;CemeNtStars Disability CONNECT Project;5000;0;5000
Darwin Community Arts Incorporated;20/21;Environmental Grant;CC&E Community Grant – Darwin Plastic Makers Space (Recycled Floor);5500;0;5500
Darwin Community Legal Service;20/21;Community Grant;Payment of Out-of-Round Community Grant 2020/21 – Human Rights Arts Award;1352;0;1352
Darwin Cycling Club Incorporated;23/24;Sponsorships;Subbuild Top End Gran Fondo;10000;0;10000
Darwin Entertainment Centre;19/20;Operational Subsidy;;580000;0;580000
Darwin Entertainment Centre;20/21;Other;Pandamonia Art Award – Emerging Art Prize Sponsorship;2000;0;2000
Darwin Festival;19/20;Sponsorships;;150000;15000;165000
Darwin Fringe Festival;19/20;Sponsorships;;8500;1500;10000
Darwin Fringe Festival;22/23;Sponsorships;Darwin Fringe Festival;10000;0;10000
Darwin Fringe Festival;23/24;Sponsorships;Darwin Fringe Festival;10000;145;10145
Darwin Men’s Shed;19/20;Community Grant;Men’s Shed – A Safe Place to Attend and Work;7775;0;7775
Darwin Men’s Shed;22/23;Community Grant;To expand the food storage and meal preparation options for the members attending and facilitating conversations and connection through sharing a meal.;3620;0;3620
Darwin RSL Sub-Branch;24/25;Sponsorships;Remembrance Day;0;690;690
Darwin Show;19/20;Sponsorships;;12000;0;12000
Darwin Singers;23/24;Sponsorships;Healthy Darwin 2023 Dry Season – Lounge to Laps;0;32;32
Darwin Skills Development Scheme;23/24;Operational Subsidy;;35000;0;35000
Darwin Symphony Orchestra;24/25;Sponsorships;Amphitheatre Concert;10000;0;10000
Dawn Beasley;21/22;Arts Grant;Botanically Creative;5000;0;5000
Department of Industry Tourism and Trade NT;22/23;Sponsorships;October Business Month 2022;3000;0;3000
Desexing Assistance and Community Support;24/25;Community Grant;Doggy Desexing Month: working with vet clinics across the NT to support the community to desex and microchip their much loved family dogs and cats in Karama, Malak and Moil, where there are identified animal management issues;10000;0;10000
Digital Inclusions Northern Australia;20/21;Community Grant;Building Darwin’s Digital Capacity and Confidence in the Online World;10000;0;10000
DJFit 4 Life;23/24;Sponsorships;Healthy Darwin 2023 Dry Season – Empowering Women;0;320;320
Emily Claire Yoga;23/24;Sponsorships;Healthy Darwin 2023 Dry Season – Yoga in the Park;0;320;320
Enterprise Learning Projects;24/25;Reconciliation;Impact North Reconciliation Week Change Maker event;10000;0;10000
Environment Centre NT;20/21;Environmental Grant;Resilient Resources for Community;7760;0;7760
Environment Centre NT;21/22;Community Grant;Create from Waste Workshop Series;3900;0;3900
Epic Events and Marketing;21/22;Sponsorships;;10000;0;10000
Flinders University;24/25;Sponsorships;World Archaeological Congress Cultural Festival;8000;0;8000
Foldback Magazine Incorporated;22/23;Sponsorships;Imagine Seaside Carnival;11000;324;11324
Football NT;22/23;Sponsorships;Traffic management assessment;0;45;45
Football NT;24/25;Community Grant;Refugee World Cup: annual event celebrated on Australia Day where over 1,000 Darwin locals from diverse backgrounds and with diverse attributes come together to play football. Held at Marrara Football Stadium in January – a free event;6860;0;6860
Forrest, Rebecca Kathleen;20/21;COVID-19 Community Grant;Community Grant Program 2020/21 – COVID-19 Response;3000;0;3000
Free Space Studio;19/20;Community Grant;The Open House;5000;0;5000
Genetic Cures for Kids;24/25;Sponsorships;Darwin Moonwalk for Our Moons Mission;0;50;50
Girl Guides NT Inc;19/20;Environmental Grant;Trees, Vegetable and Herb Gardens;1900;0;1900
Growing and Using Local Produce (GULP NT);19/20;Community Grant;Cultural Connections and Campfires;3600;0;3600
Happy Yess Community Arts Inc.;23/24;Community Grant;A ‘bloody good celebration’;5000;0;5000
Healthy Living NT;23/24;Sponsorships;Healthy Darwin 2023 Dry Season – Power Up;0;320;320
Hindu Society of NT;21/22;Community Grant;Hindu Food Festival;9850;0;9850
Indian Cultural Society Darwin Inc;24/25;Sponsorships;India at Mindil;5000;0;5000
Integrated Disability Action;20/21;COVID-19 Community Grant;COVID-19 Response Grant – Working Remotely;3748;0;3748
Integrated Disability Action;19/20;Community Grant;Peer Support Program;5000;0;5000
Kids Can Incorporated;20/21;Community Grant;Amazing Miss Deb;7065;0;7065
Kim Koole Music;21/22;Arts Grant;Recording and release of new work;5000;0;5000
Kyle Wamsley, auspiced by Browns Mart;19/20;COVID-19 Community Grant;Lower the Bar – a community mobile, site specific, live performance delivery service;2000;0;2000
Lakeside Drive Community Garden;20/21;COVID-19 Community Grant;COVID-19 Response Grants Round 2 – Individual and Group Garden Plots;3208;0;3208
Landcare NT;23/24;Sponsorships;Native Flora, Fauna and Biodiversity Science Education Program;20000;0;20000
Larrakia Nation Aboriginal Corporation;20/21;Community Grant;Out-of-round Community Grant for NAIDOC Week;5000;0;5000
Larrakia Nation Aboriginal Corporation;21/22;Sponsorships;;5000;0;5000
Larrakia Nation Aboriginal Corporation;21/22;Environmental Grant;Contribution to Darwin Harbour Clean Up 2022;5000;0;5000
Larrakia Nation Aboriginal Corporation;24/25;Sponsorships;Darwin Harbour clean-up;8000;0;8000
Limitless Kinetic Fitness;23/24;Sponsorships;Healthy Darwin 2023 Dry Season – Outdoor Bootcamp;0;320;320
Menzies School of Health Research;23/24;Community Grant;Supporting the wellbeing of First Nations renal patients;5000;0;5000
Mission Australia;19/20;Community Grant;Café One;4328;0;4328
Movement and Mindset Coaching;24/25;Sponsorships;Healthy Darwin 2025 dry season program – Foam roller fundamentals (2 sessions);0;177;177
Movement and Mindset Coaching;24/25;Sponsorships;Healthy Darwin 2024 dry season – Unlock the Power of Rest (1 session);0;90;90
Multicultural Council NT;23/24;Sponsorships;Wed weekly Homework Club – school terms (2.45–5.15pm);0;350;350
Multicultural Multigenerational Mainstream Dance;24/25;Community Grant;The Afrobeats Dance Project provides opportunities for people of African backgrounds to learn, practice and perform their dances by connecting with dance leaders of the African community and providing them with safe spaces, equipment, supervision and administrative services;8140;0;8140
Nakara Primary School;24/25;Environmental Grant;Eco Warrior program to trial classroom recycling and composting sessions and a Community Swap Day, providing resources for other schools to implement similar programs;1600;0;1600
Neighbourhood Watch NT (NHWNT);23/24;Community Grant;Youth and Families Movie Screening;5000;0;5000
Nicole Brown, auspiced by Miyartiwi Dreaming Ltd;22/23;Community Grant;Various events in the community requiring traffic management, event facilitation, entertainers and food.;2150;0;2150
Nightcliff Arts Music and Culture Inc;20/21;Environmental Grant;Sustainable Event Guides;9000;0;9000
Nightcliff Community Early Learning Centre;21/22;Community Grant;Kitchen Garden Project;3270;0;3270
Nightcliff Seabreeze Festival;19/20;Sponsorships;;25000;8000;33000
Northern Territory Indigenous Business Network;22/23;Sponsorships;The 11th Aboriginal Economic Development Forum;10000;0;10000
Northern Territory Working Women’s Centre Incorporated;22/23;Community Grant;This is a celebration of family and community. The opportunity for the people of Darwin to celebrate and reward their Hidden Heroes, who have supported us through the pandemic with food, music, indigenous art workshop, fun and games.;9830;170;10000
NT Writers Centre;20/21;Sponsorships;;15000;0;15000
OJFit4Life;22/23;Sponsorships;Healthy Darwin Dry Season – Empowering Women;0;149;149
Parap Primary School;19/20;Environmental Grant;Boomerang Bags;645;0;645
Parap Village Traders Associations;19/20;Environmental Grant;Bring your own, wash and reuse / recycle;2664;0;2664
PAWS Darwin;23/24;Operational Subsidy;;30000;0;30000
Planning Institute of Australia;22/23;Sponsorships;PIA Northern Territory Awards for Planning Excellence;1000;0;1000
Proper Creative;22/23;Sponsorships;Street Art Festival;0;8202;8202
Proper Creative;24/25;Sponsorships;DSAF After Dark;20000;0;20000
Rachael Ball;24/25;Sponsorships;Healthy Darwin 2025 dry season program – Sunrise yoga and meditation (6 sessions);0;177;177
Returned & Services League of Australia SA Branch, Darwin Sub-Branch;24/25;Sponsorships;ANZAC Day dawn service and city parade;28000;6363;34363
Royal Agricultural Society of NT Inc;23/24;Sponsorships;Royal Darwin Show;16500;0;16500
RSPCA Darwin Regional Branch;20/21;Operational Subsidy;;120000;0;120000
RSPCA Darwin Regional Branch;23/24;Operational Subsidy;;125488;0;125488
RSPCA Darwin Regional Branch;24/25;Sponsorships;RSPCA operating sponsorship;120000;0;120000
SLIDE Youth Dance Theatre;19/20;COVID-19 Community Grant;Participation Project and Development Work for Post COVID-19 events re engagement 2020;5000;0;5000
Southern Cross Care;23/24;Sponsorships;Healthy Darwin 2023 Dry Season – Healthy Darwin in Motion;0;320;320
St John Ambulance Australia (NT) Inc;23/24;Cyclone Tracy 50th Anniversary Commemoration Grants;Create interpretive signage;5000;0;5000
St John Ambulance Australia (NT) Inc;20/21;COVID-19 Community Grant;COVID-19 Response Grants Round 2 – NT Cadet Youth Development Program;3075;0;3075
Storm PT;24/25;Sponsorships;Healthy Darwin 2024–25 wet season weekly activity (Oct–Mar) – Beginners HIIT (24 sessions);0;960;960
Storm PT;24/25;Sponsorships;Healthy Darwin 2024 dry season weekly activity (July–Sept) – HIIT in the park (13 sessions);0;177;177
Super Ageing;24/25;Sponsorships;Healthy Darwin 2024–25 wet season weekly activity (Oct–Mar) – Fitness for independence (24 sessions);0;960;960
Surf Life Saving Northern Territory;22/23;Operational Subsidy;;30000;0;30000
Surf Life Saving Northern Territory;23/24;Operational Subsidy;;30000;0;30000
Surf Life Saving Northern Territory;21/22;Operational Subsidy;;30000;0;30000
Swimming Northern Territory Incorporated;22/23;Sponsorships;2023 NT Open and Age Championships;10500;0;10500
Table Tennis NT;22/23;Sponsorships;World youth table tennis qualifying championship;40000;0;40000
Tennis NT;21/22;Community Grant;Community Tennis Celebration Day – International Day of Persons with Disabilities;1702;0;1702
Territory Fitness Group;24/25;Sponsorships;Healthy Darwin 2024 dry season weekly activity (July–Sept) – BoxFit bootcamp (13 sessions);0;177;177
Territory Fitness Group;24/25;Sponsorships;Healthy Darwin 2025 dry season weekly activity – BoxFit bootcamp (11 sessions);0;177;177
Territory Native Plants;24/25;Environmental Grant;NT Native Eco Fair event at Jingili Watergardens, including informational stalls, walks and talks focused on biodiversity, greening and cooling;10596;0;10596
Thai Tasty NT;24/25;Sponsorships;Bundilla activation;2720;0;2720
The Array;23/24;Sponsorships;12 months loan of office furniture and equipment;0;2500;2500
The Array;24/25;Sponsorships;The Array welcome initiative;0;9818;9818
The Beat Festival;19/20;Sponsorships;;10000;0;10000
The Beat Festival;20/21;Sponsorships;;10000;0;10000
The Northern Territory of Australia;24/25;Sponsorships;October Business Month;6000;0;6000
The Royal Agricultural Society of Northern Territory Inc;24/25;Sponsorships;Royal Darwin Show;15000;0;15000
Top End Rehoming Group Inc.;19/20;Community Grant;Animal Desexing Program;10000;0;10000
Top End Zumba Crew;22/23;Sponsorships;Healthy Darwin Dry Season – Zumba & Fitness;0;221;221
Total Recreation NT Inc;19/20;COVID-19 Community Grant;Inclusive Online Fitness;3922;0;3922
Tourism Top End;19/20;Operational Subsidy;;100000;0;100000
Tourism Top End;22/23;Sponsorships;Visitor Information Centre;87500;0;87500
Tourism Top End;23/24;Sponsorships;Visitor Information Centre;87500;7835;95335
Tourism Top End;24/25;Sponsorships;Top End Visitor Information Centre;90000;0;90000
Tracks Dance Company;20/21;COVID-19 Community Grant;"COVID-19 Response Grants Round 2 – Dead Singers Dance Society; A Bollywood Awakening";7390;0;7390
Two Two One Mental Health Charity;23/24;Community Grant;Mental Health Night School;10000;0;10000
Two Two One Mental Health Charity;24/25;Sponsorships;Healthy Growth for Businesses;1500;0;1500
United Muslims of Northern Territory;21/22;Arts Grant;Islamic Calligraphy Arts Workshop 2022 – Turning imagination into artwork;5000;0;5000
Variety – The Children’s Charity;20/21;COVID-19 Community Grant;COVID-19 Response Grants Round 2 – Christmas in July Santa Fun Run Program;3636;0;3636
Variety – The Children’s Charity;24/25;Community Grant;Community Celebration 25 Years: held during June school holidays in Jingili Watergardens to celebrate 25 years of supporting teenagers with disabilities. Event offerings include an afternoon of fun-filled activities such as art and craft, basketball, dance and music;3096;240;3336
