animal_breed;offence;infringment_date;suburb_name
Wolfhound;Dog at Large;2018-07;MUIRHEAD
Mixed Breed;Dog at Large;2018-07;COCONUT GROVE
Staffordshire Bull Terrier;Fail To Contain Dog;2018-07;ANULA
Staffordshire Bull Terrier;Dog at Large;2018-07;ANULA
Shar Pei;Dog at Large;2018-07;LEANYER
German Shepherd Dog;Dog at Large;2018-10;MOIL
Mixed Breed;Dog at Large;2018-05;DARWIN
Red Heeler;Unregistered Dog;2018-08;LEANYER
Kelpie;Fail To Contain Dog;2018-10;MILLNER
Rottweiler;Dog at Large;2018-08;BRINKIN
Jack Russell Terrier;Fail To Contain Dog;2018-08;JINGILI
Mixed Breed;Dog at Large;2018-08;KARAMA
Bull Arab;Dog at Large;2018-08;KARAMA
Pit Bull Terrier;Dog at Large;2018-08;KARAMA
Beagle;Dog at Large;2018-08;MALAK
Kelpie;Dog at Large;2018-08;ALAWA
Kelpie;Dog at Large;2018-08;MOIL
Pit Bull Terrier;Dog at Large;2018-09;RAPID CREEK
Labradoodle;Dog at Large;2018-10;NIGHTCLIFF
Poodle;Dog at Large;2018-10;NIGHTCLIFF
Maltese;Dog at Large;2018-10;LYONS
Maltese;Abandon Dog;2018-10;LYONS
Staffordshire Bull Terrier;Dog at Large;2018-10;PARAP
Bull Arab;Dog at Large;2018-10;KARAMA
Pomeranian;Dog at Large;2018-10;WULAGI
English Staffordshire Bull Terrier;Dog at Large;2018-10;LYONS
Jack Russell Terrier;Dog at Large;2018-10;RAPID CREEK
Dachshund;Dog at Large;2018-10;DARWIN
Bull Arab;Dog Attack Level 1;2018-04;LEANYER
Bull Arab;Dog Attack Level 2;2018-06;WULAGI
Staffordshire Bull Terrier;Dog at Large;2018-06;WANGURI
Bullmastiff;Fail To Contain Dog;2018-06;MOIL
Staffordshire Bull Terrier;Fail To Comply - Conditions Registration;2018-07;JINGILI
German Shepherd Dog;Dog at Large;2018-10;COCONUT GROVE
German Shepherd Dog;Fail To Contain Dog;2018-10;COCONUT GROVE
Jack Russell Terrier;Dog at Large;2018-10;WAGAMAN
Staffordshire Bull Terrier;Dog at Large;2018-01;LEANYER
Pit Bull Terrier;Dog at Large;2018-02;MALAK
Mixed Breed;Dog at Large;2018-02;WULAGI
Australian Bulldog;Fail To Contain Dog;2018-02;MILLNER
Heeler;Dog Attack Level 1;2018-01;STUART PARK
Jack Russell Terrier;Dog at Large;2018-06;KARAMA
Bull Arab;Dog at Large;2018-06;MOIL
Mixed Breed;Fail To Contain Dog;2018-06;STUART PARK
Vizsla;Dog at Large;2018-07;ALAWA
Labrador;Dog at Large;2018-10;LYONS
American Staffordshire Terrier;Dog at Large;2018-10;MILLNER
American Staffordshire Terrier;Dog at Large;2018-07;ANULA
Maltese;Dog at Large;2018-07;ANULA
Staffordshire Bull Terrier;Dog at Large;2018-07;MALAK
Bullmastiff;Dog at Large;2018-07;MOIL
Wolfhound;Dog at Large;2018-09;WULAGI
Beagle;Dog at Large;2018-09;MUIRHEAD
Mixed Breed;Dog at Large;2018-09;MUIRHEAD
Maltese;Dog at Large;2018-02;WULAGI
Staffordshire Bull Terrier;Dog at Large;2018-03;KARAMA
Dachshund;Dog at Large;2018-03;KARAMA
Jack Russell Terrier;Dog at Large;2018-09;JINGILI
Mixed Breed;Dog at Large;2018-09;WULAGI
Labrador;Dog at Large;2018-09;KARAMA
Great Dane;Dog at Large;2018-09;MILLNER
Labrador;Dog at Large;2018-09;KARAMA
Maltese;Dog at Large;2018-08;STUART PARK
Staffordshire Bull Terrier;Dog at Large;2018-08;LARRAKEYAH BARRACKS
Staffordshire Bull Terrier;Dog at Large;2018-08;KARAMA
Staffordshire Bull Terrier;Dog at Large;2018-08;ANULA
Husky;Dog at Large;2018-08;MILLNER
Labrador;Dog at Large;2018-06;TIWI
American Staffordshire Terrier;Dog at Large;2018-07;LEANYER
Pomeranian;Dog at Large;2018-07;KARAMA
Pit Bull Terrier;Dog at Large;2018-08;LEE POINT
Bullmastiff;Dog at Large;2018-07;RAPID CREEK
Bull Arab;Dog at Large;2018-01;LEANYER
Shih Tzu;Dog at Large;2018-01;LEANYER
Staffordshire Bull Terrier;Dog at Large;2018-01;ALAWA
Beagle;Dog at Large;2018-07;ANULA
Bullmastiff;Dog Attack Level 2;2018-04;KARAMA
Bullmastiff;Dog at Large;2018-04;KARAMA
Bull Terrier;Dog Attack Level 1;2018-03;NAKARA
Jack Russell Terrier;Dog Attack Level 1;2018-01;ANULA
Staffordshire Bull Terrier;Dog at Large;2018-01;KARAMA
Staffordshire Bull Terrier;Dog Attack Level 2;2018-01;KARAMA
Bull Arab;Dog at Large;2018-01;MILLNER
Dachshund;Dog at Large;2018-04;DARWIN
Staffordshire Bull Terrier;Dog Attack Level 1;2018-10;THE GARDENS
Great Dane;Fail To Contain Dog;2018-11;MALAK
Jack Russell Terrier;Dog at Large;2018-11;STUART PARK
Mixed Breed;Dog at Large;2018-11;KARAMA
Great Dane;Dog at Large;2018-12;KARAMA
American Staffordshire Terrier;Dog at Large;2018-12;NAKARA
Staffordshire Bull Terrier;Dog at Large;2019-02;KARAMA
Labrador;Fail To Respond - Notice Of Impoundment;2019-02;MARRARA
Staffordshire Bull Terrier;Fail To Contain Dog;2019-02;LARRAKEYAH
Mixed Breed;Dog at Large;2019-02;NAKARA
Bull Arab;Dog at Large;2019-02;MALAK
Bull Arab;Dog at Large;2019-02;DURACK
Kelpie;Dog at Large;2019-03;KARAMA
Jack Russell Terrier;Dog at Large;2019-03;MALAK
Bull Arab;Fail To Contain Dog;2019-03;COCONUT GROVE
Dingo;Unregistered Dog;2018-05;TIWI
Mixed Breed;Dog at Large;2018-05;LEANYER
Mixed Breed;Unregistered Dog;2018-04;KARAMA
Wolfhound;Unregistered Dog;2018-04;WULAGI
Jack Russell Terrier;Fail To Contain Dog;2018-04;TIWI
Mixed Breed;Dog at Large;2019-01;KARAMA
Bull Arab;Fail To Contain Dog;2018-12;NAKARA
American Staffordshire Terrier;Fail To Contain Dog;2018-12;NAKARA
Husky;Dog Attack Level 1;2019-04;WINNELLIE
Staffordshire Bull Terrier;Dog Attack Level 1;2019-03;ALAWA
English Staffordshire Bull Terrier;Dog at Large;2018-11;THE NARROWS
Mixed Breed;Dog at Large;2019-03;WANGURI
Great Dane;Abandon Dog;2019-03;MALAK
Great Dane;Fail To Contain Dog;2019-03;MALAK
Pit Bull Terrier;Fail To Contain Dog;2019-03;LEE POINT
Staffordshire Bull Terrier;Dog at Large;2019-03;FANNIE BAY
Pit Bull Terrier;Abandon Dog;2019-03;KARAMA
Staffordshire Bull Terrier;Dog at Large;2019-03;KARAMA
Chihuahua;Dog at Large;2019-03;WAGAMAN
Stumpy Tail Cattle Dog;Unregistered Dog;2019-09;LUDMILLA
Bull Arab;Dog at Large;2019-04;LEANYER
Rottweiler;Dog at Large;2019-04;KARAMA
Fox Terrier;Dog at Large;2019-04;ANULA
Maltese;Dog at Large;2018-11;RAPID CREEK
Bullmastiff;Dog at Large;2019-05;KARAMA
Chihuahua;Dog at Large;2019-05;STUART PARK
Bull Arab;Dog at Large;2019-05;MALAK
Border Collie;Dog at Large;2019-05;ANULA
Bull Arab;Fail To Contain Dog;2019-05;ANULA
Mixed Breed;Dog at Large;2019-05;LEANYER
Mixed Breed;Dog at Large;2019-05;RAPID CREEK
Labrador;Dog at Large;2018-11;PARAP
Staffordshire Bull Terrier;Dog at Large;2019-06;RAAF BASE
Staffordshire Bull Terrier;Dog at Large;2018-11;JINGILI
Schnauzer (Standard);Dog at Large;2019-06;KARAMA
Pit Bull Terrier;Dog at Large;2019-06;KARAMA
Shih Tzu;Dog at Large;2019-06;LEANYER
Chihuahua;Fail To Contain Dog;2019-07;MILLNER
Labrador;Dog at Large;2019-07;LEANYER
Bull Arab;Dog at Large;2019-07;ANULA
Rhodesian Ridgeback;Dog at Large;2019-07;LEANYER
Labrador;Dog at Large;2019-07;BRINKIN
American Staffordshire Terrier;Dog at Large;2019-07;COCONUT GROVE
Mixed Breed;Dog at Large;2019-07;WULAGI
Maltese;Dog at Large;2019-07;KARAMA
Mixed Breed;Fail To Contain Dog;2018-10;BRINKIN
Pit Bull Terrier;Dog Attack Level 2;2018-10;KARAMA
Shar Pei;Dog Attack Level 2;2018-12;KARAMA
Bull Arab;Dog at Large;2019-03;STUART PARK
Bull Terrier;Dog at Large;2019-04;LEANYER
American Staffordshire Terrier;Dog at Large;2019-03;STUART PARK
Red Heeler;Dog Attack Level 1;2019-03;BERRIMAH
Bull Arab;Dog at Large;2020-03;MILLNER
Bull Arab;Dog at Large;2020-05;LEANYER
Great Dane;Dog at Large;2019-05;LEANYER
Mixed Breed;Unregistered Dog;2019-02;ANULA
Pointer;Fail To Contain Dog;2019-03;STUART PARK
Mixed Breed;Unregistered Dog;2019-04;LEANYER
Staffordshire Bull Terrier;Dog Attack Level 1;2019-05;JINGILI
American Staffordshire Terrier;Dog Attack Level 1;2019-05;LEANYER
Pit Bull Terrier;Dog Attack Level 2;2019-05;MILLNER
Bull Terrier;Unregistered Dog;2019-05;TIWI
American Pit Bull Terrier;Dog Attack Level 1;2019-06;NAKARA
Staffordshire Bull Terrier;Dog Attack Level 2;2019-06;MILLNER
English Mastiff;Unregistered Dog;2019-05;ANULA
Blue Heeler;Dog at Large;2019-09;NIGHTCLIFF
Mixed Breed;Unregistered Dog;2019-09;STUART PARK
Mixed Breed;Unregistered Dog;2019-09;MALAK
Border Collie;Unregistered Dog;2019-09;LEANYER
Jack Russell Terrier;Unregistered Dog;2019-10;NIGHTCLIFF
Bulldog;Unregistered Dog;2019-12;JINGILI
Bull Arab;Dog Attack Level 1;2020-01;NAKARA
Swiss Shepherd;Dog Attack Level 2;2020-01;RAPID CREEK
Bull Arab;Dog Attack Level 1;2020-01;LARRAKEYAH
Wolfhound;Dog at Large;2019-02;MILLNER
Wolfhound;Dog at Large;2019-03;MILLNER
Staffordshire Bull Terrier;Fail To Contain Dog;2019-08;RAAF BASE
American Staffordshire Terrier;Dog Attack Level 1;2019-08;LEANYER
Bullmastiff;Fail To Contain Dog;2018-11;LEANYER
Labrador;Dog at Large;2018-12;TIWI
Bull Arab;Fail To Contain Dog;2019-01;MALAK
Weimaraner;Dog Attack Level 1;2019-02;THE GARDENS
Pit Bull Terrier;Dog at Large;2019-03;KARAMA
Shar Pei;Dog at Large;2019-03;BERRIMAH
Maltese;Dog at Large;2019-03;KARAMA
Wolfhound;Dog at Large;2019-03;MOIL
Staffordshire Bull Terrier;Dog at Large;2019-03;DARWIN
Pointer;Dog at Large;2019-01;ANULA
Dingo;Dog at Large;2019-03;WULAGI
Mixed Breed;Dog Attack Level 1;2019-08;MALAK
German Shepherd Dog;Dog at Large;2019-04;COCONUT GROVE
Bull Arab;Dog at Large;2019-04;COCONUT GROVE
Red Heeler;Dog at Large;2019-04;NAKARA
Maltese;Dog at Large;2019-04;MUIRHEAD
German Shepherd Dog;Dog at Large;2019-05;NIGHTCLIFF
Bull Arab;Dog at Large;2019-05;MALAK
Mixed Breed;Dog at Large;2019-05;MALAK
Mixed Breed;Fail To Contain Dog;2019-05;RAPID CREEK
Mixed Breed;Dog at Large;2019-05;WANGURI
Mixed Breed;Dog at Large;2019-05;STUART PARK
Mixed Breed;Dog at Large;2019-05;MARRARA
Kelpie;Dog at Large;2019-05;MALAK
Blue Heeler;Dog at Large;2019-06;WANGURI
Great Dane;Dog at Large;2019-06;RAPID CREEK
Staffordshire Bull Terrier;Dog at Large;2019-06;DRIVER
Mixed Breed;Dog Attack Level 2;2019-04;KARAMA
Mixed Breed;Dog at Large;2019-04;KARAMA
Chihuahua;Unregistered Dog;2019-04;ALAWA
Irish Wolfhound;Fail To Contain Dog;2019-09;WANGURI
Pit Bull Terrier;Fail To Contain Dog;2019-11;WAGAMAN
Pit Bull Terrier;Dog Attack Level 2;2019-02;RAPID CREEK
Mixed Breed;Dog at Large;2019-03;MALAK
Rottweiler;Dog at Large;2019-08;KARAMA
Staffordshire Bull Terrier;Dog at Large;2019-08;WULAGI
Mixed Breed;Dog at Large;2019-08;WULAGI
Kelpie;Dog at Large;2019-08;WULAGI
Staffordshire Bull Terrier;Dog Attack Level 1;2019-07;MUIRHEAD
Bull Arab;Fail To Contain Dog;2019-08;MOIL
Shar Pei;Fail To Contain Dog;2019-08;TIWI
Pit Bull Terrier;Unregistered Dog;2019-09;MALAK
Bullmastiff;Unregistered Dog;2019-09;LEANYER
Mixed Breed;Unregistered Dog;2019-09;MALAK
Bullmastiff;Unregistered Dog;2019-09;MALAK
Shar Pei;Unregistered Dog;2019-09;MALAK
Chihuahua;Unregistered Dog;2019-09;MALAK
Mixed Breed;Dog Attack Level 2;2019-10;LUDMILLA
Mixed Breed;Fail To Contain Dog;2019-10;STUART PARK
Wolfhound;Dog Attack Level 2;2019-10;BAYVIEW
Terrier;Dog Attack Level 2;2019-12;WANGURI
Pit Bull Terrier;Fail To Contain Dog;2019-12;KARAMA
Jack Russell Terrier;Dog at Large;2020-03;STUART PARK
Heeler;Dog at Large - No ID Device;2020-05;COCONUT GROVE
Mixed Breed;Dog Attack Level 1;2020-06;JINGILI
Heeler;Dog at Large;2019-09;MILLNER
Blue Heeler;Dog at Large;2019-09;LEANYER
Labrador;Dog at Large;2019-09;MALAK
Wolfhound;Dog at Large;2019-09;BAYVIEW
Bandog;Dog at Large;2019-09;BAYVIEW
Mixed Breed;Dog at Large;2019-09;ALAWA
Dingo;Unregistered Dog;2019-10;WULAGI
Dingo;Dog at Large;2019-10;WULAGI
Mixed Breed;Unregistered Dog;2019-12;NT  0000_x000D_
Mixed Breed;Dog at Large;2019-12;ANULA
Bullmastiff;Dog at Large;2020-01;ANULA
Pit Bull Terrier;Dog at Large;2020-04;WULAGI
Pit Bull Terrier;Fail To Contain Dog;2020-04;FANNIE BAY
Wolfhound;Unregistered Dog;2020-05;ANULA
Cross Breed;Unregistered Dog;2020-05;MILLNER
Pit Bull Terrier;Dog Attack Level 2;2020-06;KARAMA
Bullmastiff;Fail To Contain Dog;2020-07;JINGILI
Mixed Breed;Unregistered Dog;2019-09;MALAK
Cross Breed;Dog Attack Level 2;2020-07;LUDMILLA
Mixed Breed;Dog Attack Level 1;2020-07;WULAGI
Pit Bull Terrier;Dog Attack Level 1;2020-08;WULAGI
Pit Bull Terrier;Dog Attack Level 1;2020-07;ANULA
Rhodesian Ridgeback;Dog at Large;2020-10;MALAK
Staffordshire Bull Terrier;Dog Attack Level 1;2020-07;JINGILI
Wolfhound;No Licence to Keep Dogs as Required;2020-08;MALAK
Mixed Breed;Dog Attack Level 1;2020-09;\N
Irish Wolfhound;Dog Attack Level 2;2020-10;WANGURI
Mixed Breed;Dog in a Restricted Area;2021-06;PARAP
Staffordshire Bull Terrier;Dog at Large;2021-09;MALAK
Staffordshire Bull Terrier;Dog Attack Level 1;2021-02;MILLNER
Australian Cattle Dog;Dog at Large;2021-05;MUIRHEAD
Rhodesian Ridgeback;Dog Attack Level 1;2022-01;WOOLNER
American Staffordshire Terrier;Dog Attack Level 2;2022-02;STUART PARK
Mixed Breed;Dog Attack Level 1;2022-03;JINGILI
Bull Arab;Dog Attack Level 2;2022-03;WULAGI
Mixed Breed;Dog Attack Level 1;2022-06;MALAK
Bull Arab;Dog Attack Level 1;2022-07;WULAGI
Kelpie;Unregistered Dog;2021-09;KARAMA
Pit Bull Terrier;Dog at Large;2022-04;JINGILI
Maltese;Fail To Contain Dog;2022-05;LEANYER
Mixed Breed;Fail To Contain Dog;2022-05;ANULA
Bull Arab;Fail To Contain Dog;2022-06;ALAWA
Bull Arab;Dog at Large;2020-10;NAKARA
Rhodesian Ridgeback;Fail To Contain Dog;2020-11;MILLNER
Great Dane;Dog Attack Level 1;2021-05;NIGHTCLIFF
Bullmastiff;Dog Attack Level 1;2021-11;WULAGI
Shar Pei;Unregistered Dog;2021-11;TIWI
Weimaraner;Dog Attack Level 1;2022-02;BENTLEY PARK  QLD  4869
Mixed Breed;Dog Attack Level 1;2022-03;TIWI
Blue Heeler;Dog Attack Level 2;2022-03;TIWI
Mixed Breed;Fail To Contain Dog;2022-04;NIGHTCLIFF
Australian Cattle Dog;Dog Attack Level 1;2022-05;JINGILI
Pit Bull Terrier;Fail To Contain Dog;2022-06;ALAWA
Staffordshire Bull Terrier;Unregistered Dog;2021-11;LUDMILLA
Mixed Breed;Dog Cause Nuisance;2022-01;KARAMA
Jack Russell Terrier;Fail To Contain Dog;2022-01;TIWI
Pit Bull Terrier;Dog at Large;2022-07;MALAK
Bull Arab;Dog Attack Level 1;2022-08;NAKARA
British Bulldog;Fail To Contain Dog;2022-10;COCONUT GROVE
Bull Arab;Dog Attack Level 2;2022-11;ALAWA
Kelpie;Unregistered Dog;2022-11;ALAWA
Pomeranian;Unregistered Dog;2022-12;WAGAMAN
Mixed Breed;Dog at Large;2023-02;STUART PARK
Pit Bull Terrier;Dog at Large;2023-02;KARAMA
Blue Heeler;Dog Attack Level 1;2021-07;TIWI
Bullmastiff;Dog at Large;2021-04;KARAMA
American Pit Bull Terrier;Dog Attack Level 2;2021-02;MILLNER
Cavalier King Charles Spaniel;Dog at Large;2021-10;NIGHTCLIFF
Shar Pei;Fail To Contain Dog;2021-08;NIGHTCLIFF
Rhodesian Ridgeback;Fail To Contain Dog;2021-08;ANULA
Mixed Breed;Fail To Contain Dog;2021-11;COCONUT GROVE
Cavalier King Charles Spaniel;Fail To Contain Dog;2021-11;WANGURI
Mixed Breed;Dog Cause Nuisance;2022-03;KARAMA
Australian Cattle Dog;Dog Attack Level 1;2020-11;WANGURI
Pit Bull Terrier;Fail To Contain Dog;2021-09;ALAWA
Mixed Breed;Dog at Large;2021-07;RAPID CREEK
Bull Arab;Dog at Large;2020-11;KARAMA
Wolfhound;Fail To Contain Dog;2021-12;WAGAMAN
Mixed Breed;Unregistered Dog;2021-11;MALAK
Pit Bull Terrier;Unregistered Dog;2021-07;MALAK
Dingo;Dog at Large;2023-03;COCONUT GROVE
Shar Pei;Fail To Contain Dog;2022-01;MALAK
Bull Terrier;Dog Attack Level 1;2022-02;BRINKIN
Staffordshire Bull Terrier;Dog Attack Level 1;2022-03;MILLNER
Wolfhound;Dog Attack Level 2;2022-03;MILLNER
Wolfhound;Fail To Comply - Conditions Registration;2022-04;MILLNER
Heeler;Dog Attack Level 1;2022-05;TIWI
Heeler;Fail To Contain Dog;2022-05;TIWI
Boxer;Dog at Large;2022-06;WANGURI
Dutch Shepherd;Dog at Large;2022-06;WANGURI
Shar Pei;Unregistered Dog;2023-01;WULAGI
Labrador;Fail To Contain Dog;2023-02;MOIL
Saluki;Dog at Large;2023-06;RAPID CREEK
Heeler;No Licence to Keep Dogs as Required;2023-01;NT  0000
Mixed Breed;Unregistered Dog;2023-02;MALAK
Mixed Breed;Unregistered Dog;2023-02;STUART PARK
Heeler;No Licence to Keep Dogs as Required;2023-02;WAGAMAN
Pit Bull Terrier;Unregistered Dog;2023-03;WAGAMAN
Dingo;Dog at Large;2023-04;COCONUT GROVE
Mixed Breed;Dog at Large;2023-04;JINGILI
Mixed Breed;Dog at Large;2023-05;MALAK
Mixed Breed;Dog at Large;2023-05;LEE POINT
Shar Pei;Unregistered Dog;2023-06;TIWI
Shar Pei;Unregistered Dog;2023-07;TIWI
Dingo;Dog at Large;2023-07;MALAK
Dingo;Dog at Large;2023-07;MALAK
Cane Corso;Unregistered Dog;2023-08;LEANYER
Pointer;Unregistered Dog;2023-08;LEANYER
Pointer;Dog at Large;2023-08;LEANYER
Cane Corso;Dog at Large;2023-08;LEANYER
Bullmastiff;Dog at Large;2023-08;KARAMA
Maltese;Dog at Large;2023-08;KARAMA
Australian Terrier;Dog at Large;2023-08;ANULA
Pomeranian;No Licence to Keep Dogs as Required;2023-08;MALAK
Bullmastiff;Dog at Large;2023-08;JINGILI
Dachshund;Unregistered Dog;2023-08;JINGILI
Pit Bull Terrier;Unregistered Dog;2023-10;ANULA
Pit Bull Terrier;Fail To Contain Dog;2023-10;ANULA
Mixed Breed;Unregistered Dog;2023-10;ANULA
Mixed Breed;Dog at Large;2023-10;ANULA
Australian Bulldog;Dog at Large;2023-03;NT  0000
Kelpie;Dog Attack Level 2;2022-11;MILLNER
Dingo;Dog in a Restricted Area;2023-02;COCONUT GROVE
Pit Bull Terrier;Fail To Comply - Conditions Registration;2023-02;ANULA
Mixed Breed;Unregistered Dog;2022-11;JINGILI
Bull Arab;Unregistered Dog;2022-10;NAKARA
Pomeranian;Unregistered Dog;2023-06;\N
Chihuahua;Unregistered Dog;2023-03;TIWI
Bull Terrier;Dog Attack - Aggravated;2025-09;NIGHTCLIFF
Bull Terrier;Fail To Contain Dog;2025-09;NIGHTCLIFF
Poodle;Fail To Contain Dog;2025-06;LEANYER
Staffordshire Bull Terrier;Dog Attack - Contact;2025-06;LEANYER
Pit Bull Terrier;Fail To Contain Dog;2025-06;KARAMA
Shar Pei;Fail To Contain Dog;2025-06;LEANYER
Boxer;Unregistered Dog;2025-02;MOIL
Staffordshire Bull Terrier;Fail To Contain Dog;2025-01;WINNELLIE
Rottweiler;Fail To Contain Dog;2025-01;MALAK
Rottweiler;Fail To Contain Dog;2025-01;MALAK
Pit Bull Terrier;Unregistered Dog;2025-02;MALAK
Unknown;Unregistered Dog;2025-01;MILLNER
Pit Bull Terrier;Fail To Contain Dog;2025-01;WANGURI
Husky;Fail To Contain Dog;2025-01;BERRIMAH
Chihuahua;Unregistered Dog;2025-06;NAKARA
Golden Retriever;Fail To Contain Dog;2025-09;LEANYER
English Staffordshire Bull Terrier;Dog Not Under Effective Control;2025-03;NAKARA
American Staffordshire Terrier;Unregistered Dog;2025-01;LEANYER
Heeler;Fail To Contain Dog;2025-01;LARRAKEYAH
Mixed Breed;Dog Attack - Serious;2024-11;NIGHTCLIFF
Boxer;Dog Attack - Serious;2024-11;ANULA
Boxer;Unregistered Dog;2024-11;ANULA
Chihuahua;Dog Attack - Contact;2024-12;STUART PARK
Pit Bull Terrier;Unregistered Dog;2025-03;KARAMA
Pit Bull Terrier;Fail To Contain Dog;2025-03;LEANYER
Staffordshire Bull Terrier;Fail To Contain Dog;2024-12;FANNIE BAY
Great Dane;Fail To Comply Conditions Dangerous Dog;2025-08;KARAMA
Border Collie;Fail To Comply Conditions Dangerous Dog;2025-08;ALAWA
Pit Bull Terrier;Fail To Comply Conditions Dangerous Dog;2025-08;KARAMA
German Shepherd Dog;Dog Menace;2025-10;MOIL
Staffordshire Bull Terrier;Dog Attack - Aggravated;2025-08;WANGURI
Great Dane;Dog Attack - Serious;2025-08;MALAK
Mixed Breed;Fail To Comply Conditions Dangerous Dog;2024-11;MALAK
Australian Cattle Dog;Fail To Comply Conditions Dangerous Dog;2024-11;MALAK
Staffordshire Bull Terrier;Fail To Contain Dog;2025-07;JINGILI
Dachshund;Dog Attack - Serious;2025-08;ANALA
Pit Bull Terrier;Fail To Contain Dog;2025-08;THE NARROWS
Unknown;Unregistered Dog;2025-02;KARAMA
Poodle;Unregistered Dog;2025-04;NIGHTCLIFF
Rottweiler;Exceed Number Of Dogs Allowed;2025-04;NAKARA
Staffordshire Bull Terrier;Dog Menace;2025-08;MOIL
Cross Breed;Fail To Contain Dog;2025-08;WULAGI
Jack Russell Terrier;Fail To Contain Dog;2025-06;STUART PARK
Shar Pei;Fail To Comply Conditions Dangerous Dog;2025-03;WULAGI
Great Dane;Fail To Comply Conditions Dangerous Dog;2025-03;KARAMA
Wolfhound;Fail To Comply Conditions Dangerous Dog;2025-03;LARRAKEYAH
German Shepherd Dog;Fail To Contain Dog;2025-03;PARAP
Bull Arab;Dog Menace;2025-02;NAKARA
Bull Arab;Fail To Contain Dog;2025-02;NAKARA
Staffordshire Bull Terrier;Fail To Contain Dog;2024-11;NIGHTCLIFF
American Staffordshire Terrier;Dog Attack - Serious;2025-06;LARRAKEYAH
Bullmastiff;Unregistered Dog;2025-07;WULAGI
Pit Bull Terrier;Unregistered Dog;2025-07;WULAGI
Catahoula;Fail To Contain Dog;2025-05;WULAGI
Pit Bull Terrier;Dog Attack - Aggravated;2025-05;WULAGI
Cross Breed;Unregistered Dog;2024-11;MALAK
Staffordshire Bull Terrier;Unregistered Dog;2024-11;RAPID CREEK
Bullmastiff;Fail To Contain Dog;2024-12;KARAMA
Bull Arab;Unregistered Dog;2025-01;ANULA
Kelpie;Fail To Contain Dog;2025-02;FANNIE BAY
Maltese;Fail To Contain Dog;2025-07;WANGURI
Staffordshire Bull Terrier;Fail To Contain Dog;2025-12;MALAK
Irish Wolfhound;Fail To Contain Dog;2025-11;NAKARA
Catahoula;Fail To Contain Dog;2025-03;LEANYER
Chihuahua;Unregistered Dog;2025-04;JINGILI
Pit Bull Terrier;Fail To Comply Conditions  Registration;2025-04;MILLNER
Pit Bull Terrier;Fail To Contain Dog;2025-04;MILLNER
Kelpie;Fail To Contain Dog;2025-04;TIWI
American Staffordshire Terrier;Dog Not Under Effective Control;2025-05;STUART PARK
Kelpie;Unregistered Dog;2025-11;KARAMA
Blue Heeler;Fail To Contain Dog;2025-10;MOIL
Pit Bull Terrier;Unregistered Dog;2025-10;WAGAMAN
Bull Arab;Fail To Contain Dog;2025-09;ANULA
Rottweiler;Unregistered Dog;2025-07;RAPID CREEK
American Pit Bull Terrier;Fail To Contain Dog;2025-05;NAKARA
Chihuahua;Fail To Contain Dog;2025-07;WULAGI
Chihuahua;Unregistered Dog;2025-08;ALAWA
Maltese;Fail To Contain Dog;2025-09;MOIL
Cross Breed;Fail To Contain Dog;2025-11;WAGAMAN
Jack Russell Terrier;Fail To Contain Dog;2025-11;ALAWA
Jack Russell Terrier;Unregistered Dog;2025-11;ALAWA
Catahoula;Dog Attack - Serious;2025-11;NIGHTCLIFF
Cane Corso;Unregistered Dog;2025-08;KARAMA
Pit Bull Terrier;Unregistered Dog;2025-08;MILLNER
Rottweiler;Fail To Contain Dog;2025-10;LEANYER
Bull Arab;Fail To Contain Dog;2025-10;LEANYER
Rottweiler;Dog Menace;2025-07;RAPID CREEK
Maltese;Exceed Number Of Dogs Allowed;2025-06;LEANYER
Border Collie;Fail To Contain Dog;2025-07;PARAP
Bull Arab;Fail To Contain Dog;2025-09;DARWIN
Irish Wolfhound;Fail To Contain Dog;2025-11;MARRARA
Mastiff;Dog at Large;2023-11;KARAMA
Stafforshire Bull Terrier;Fail To Contain Dog;2024-01;WANGURI
Cross Breed;Unregistered Dog;2024-02;ANULA
Stafforshire Bull Terrier;Fail To Contain Dog;2024-02;BAYVIEW
American Pit Bull Terrier;Unregistered Dog;2024-02;MALAK
Stafforshire Bull Terrier;Fail To Contain Dog;2024-02;BAYVIEW
Bull Arab;Unregistered Dog;2024-03;PARAP
Cross Breed;Fail To Contain Dog;2024-03;KARAMA
Bull Arab;Fail To Contain Dog;2024-04;NAKARA
Bull Arab;Dog Attack - Serious;2024-04;NAKARA
Bull Arab;Fail To Contain Dog;2024-04;MALAK
Cross Breed;Dog Attack - Aggravated;2024-04;MILLNER
Cross Breed;Fail To Contain Dog;2024-04;MILLNER
Bull Terrier;Exceed Number Of Dogs Allowed;2024-05;KARAMA
Mastiff;Fail To Comply Conditions Dangerous Dog;2024-05;MILLNER
Terrier Cross;Unregistered Dog;2024-05;ALAWA
Cross Breed;Fail To Contain Dog;2024-06;WULAGI
Bull Arab;Fail To Contain Dog;2024-07;MALAK
Cross Breed;Unregistered Dog;2024-07;LEANYER
Boarder Collie Cross;Fail To Contain Dog;2024-07;NAKARA
Bull Terrier Cross;Unregistered Dog;2024-08;KARAMA
Cross Breed;Unregistered Dog;2024-09;RAPID CREEK
Cross Breed;Unregistered Dog;2024-10;LEANYER
Cross Breed;Unregistered Dog;2024-10;LEANYER
Cross Breed;Unregistered Dog;2024-10;KARAMA
Stafforshire Bull Terrier;Unregistered Dog;2024-10;MOIL
Dachshund;Dog at Large;2018-07;BRINKIN
Dachshund;Dog at Large;2018-07;BRINKIN
Dachshund;Dog at Large;2018-07;BRINKIN
Kelpie;Dog Attack Level 2;2018-09;COCONUT GROVE
Rhodesian Ridgeback;Dog at Large;2018-09;MALAK
Bullmastiff;Dog at Large;2018-09;KARAMA
Bullmastiff;Unregistered Dog;2018-09;KARAMA
Chihuahua;Fail To Contain Dog;2018-09;MILLNER
Great Dane;Dog at Large;2018-09;MILLNER
Pomeranian;Dog at Large;2018-08;WULAGI
Staffordshire Bull Terrier;Dog at Large;2018-08;LARRAKEYAH
Labrador;Dog at Large;2018-08;BAKEWELL
Beagle;Dog at Large;2018-09;WULAGI
Staffordshire Bull Terrier;Dog at Large;2018-09;LEANYER
Jack Russell Terrier;Dog at Large;2018-10;KARAMA
Staffordshire Bull Terrier;Dog at Large;2018-10;LARRAKEYAH
Staffordshire Bull Terrier;Fail To Contain Dog;2018-10;LARRAKEYAH
Pit Bull Terrier;Dog at Large;2018-10;WAGAMAN
Staffordshire Bull Terrier;Dog at Large;2018-10;THE NARROWS
Bull Arab;Dog at Large;2018-03;LEANYER
Bull Arab;Fail To Contain Dog;2018-03;LEANYER
Staffordshire Bull Terrier;Dog at Large;2018-10;PARAP
Pit Bull Terrier;Dog at Large;2018-10;MOIL
Border Collie;Dog at Large;2018-10;WANGURI
Labrador;Dog at Large;2018-10;WANGURI
Rhodesian Ridgeback;Dog at Large;2018-10;WANGURI
Bullmastiff;Dog at Large;2018-04;RAPID CREEK
Chihuahua;Dog at Large;2018-05;MALAK
Jack Russell Terrier;Dog at Large;2018-05;NAKARA
Jack Russell Terrier;Dog at Large;2018-09;MILLNER
Bull Arab;Fail To Contain Dog;2018-06;LEANYER
Chihuahua;Dog at Large;2018-09;MALAK
Rottweiler;Dog at Large;2018-01;WULAGI
Australian Bulldog;Dog at Large;2018-02;MILLNER
Mixed Breed;Dog at Large;2018-02;COCONUT GROVE
Labrador;Dog at Large;2018-02;JINGILI
Maltese;Fail To Contain Dog;2018-03;WULAGI
Mixed Breed;Dog at Large;2018-10;NIGHTCLIFF
Retriever;Dog at Large;2018-10;THE NARROWS
Husky;Dog at Large;2018-10;KARAMA
Jack Russell Terrier;Fail To Contain Dog;2018-04;KARAMA
Heeler;Dog at Large;2018-01;STUART PARK
Heeler;Dog at Large;2018-06;WANGURI
Labrador;Dog at Large;2018-06;MARRARA
Pit Bull Terrier;Fail To Contain Dog;2018-06;STUART PARK
Mixed Breed;Dog at Large;2018-10;RAPID CREEK
Border Collie;Dog at Large;2018-10;THE GARDENS
Rottweiler;Dog at Large;2018-10;KARAMA
Pit Bull Terrier;Dog at Large;2018-10;STUART PARK
Mixed Breed;Dog at Large;2018-10;MILLNER
Mixed Breed;Dog at Large;2018-10;LYONS
Great Dane;Dog at Large;2018-10;MALAK
Labrador;Dog at Large;2018-09;LEANYER
Bull Arab;Dog at Large;2018-07;GRAY
Pit Bull Terrier;Dog at Large;2018-07;KARAMA
Pit Bull Terrier;Unregistered Dog;2018-07;KARAMA
Wolfhound;Dog at Large;2018-07;ANULA
Mixed Breed;Dog at Large;2018-07;WULAGI
Bullmastiff;Dog at Large;2018-07;MUIRHEAD
Pit Bull Terrier;Dog at Large;2018-07;MOIL
Kelpie;Dog at Large;2018-07;NIGHTCLIFF
Australian Bulldog;Dog at Large;2018-02;MILLNER
Bull Arab;Dog at Large;2018-09;WULAGI
Mixed Breed;Dog at Large;2018-09;KNUCKEY LAGOON
Bullmastiff;Dog at Large;2018-09;MILLNER
Chihuahua;Dog at Large;2018-02;LUDMILLA
Australian Cattle Dog;Dog at Large;2018-03;TIWI
Mixed Breed;Dog at Large;2018-03;STUART PARK
Terrier;Dog at Large;2018-03;MOIL
Mixed Breed;Dog Attack Level 1;2018-01;ROSEBERY
Mixed Breed;Dog at Large;2018-01;ROSEBERY
Staffordshire Bull Terrier;Dog Attack Level 1;2018-03;JINGILI
Rhodesian Ridgeback;Dog at Large;2018-06;NIGHTCLIFF
American Staffordshire Terrier;Dog at Large;2018-06;LYONS
Kelpie;Dog at Large;2018-06;TIWI
Maltese;Unregistered Dog;2018-07;MALAK
Maltese;Dog at Large;2018-07;MALAK
Beagle;Dog at Large;2018-07;KARAMA
Heeler;Dog at Large;2018-07;JINGILI
Kelpie;Dog at Large;2018-07;ALAWA
Bullmastiff;Dog at Large;2018-07;NIGHTCLIFF
Kelpie;Dog at Large;2018-07;BERRIMAH
Pit Bull Terrier;Dog at Large;2018-08;MOIL
Maltese;Dog at Large;2018-07;FANNIE BAY
Kelpie;Dog at Large;2018-07;NIGHTCLIFF
German Shepherd Dog;Fail To Contain Dog;2018-10;COCONUT GROVE
Staffordshire Bull Terrier;Dog at Large;2018-09;MUIRHEAD
Maltese;Dog at Large;2018-05;ALAWA
Bullmastiff;Dog Attack Level 1;2018-04;KARAMA
Bull Terrier;Dog at Large;2018-03;NAKARA
Jack Russell Terrier;Dog at Large;2018-01;ANULA
Bull Arab;Dog Attack Level 2;2018-01;MILLNER
Mixed Breed;Dog at Large;2018-10;ANULA
Mixed Breed;Fail To Contain Dog;2018-10;TIWI
Mixed Breed;Dog Attack Level 2;2018-10;TIWI
Irish Wolfhound;Dog at Large;2019-03;WANGURI
Red Heeler;Dog at Large;2019-03;ANULA
German Shepherd Dog;Fail To Contain Dog;2018-11;COCONUT GROVE
Bullmastiff;Dog at Large;2018-11;TIWI
Bull Arab;Dog at Large;2018-12;NAKARA
Labrador;Fail To Contain Dog;2019-02;MARRARA
Weimaraner;Dog at Large;2019-02;MALAK
Staffordshire Bull Terrier;Dog at Large;2019-02;MOIL
Mixed Breed;Dog at Large;2019-03;MALAK
Great Dane;Dog at Large;2018-03;KARAMA
Staffordshire Bull Terrier;Fail To Contain Dog;2018-02;FANNIE BAY
Great Dane;Dog at Large;2018-08;MALAK
Bullmastiff;Dog at Large;2019-02;PARAP
Rhodesian Ridgeback;Dog at Large;2019-02;WAGAMAN
Jack Russell Terrier;Dog at Large;2019-01;STUART PARK
Rhodesian Ridgeback;Dog at Large;2019-01;MILLNER
Staffordshire Bull Terrier;Fail To Contain Dog;2019-01;KARAMA
Mixed Breed;Dog at Large;2019-01;RAPID CREEK
Mixed Breed;Dog at Large;2019-04;TIWI
Mixed Breed;Unregistered Dog;2019-04;TIWI
Bullmastiff;Dog Attack Level 2;2019-03;ALAWA
Kelpie;Dog at Large;2019-02;NIGHTCLIFF
Bull Arab;Dog at Large;2019-02;ANULA
Shar Pei;Dog at Large;2019-02;LUDMILLA
Mixed Breed;Dog at Large;2019-03;LUDMILLA
Pit Bull Terrier;Dog at Large;2019-03;KARAMA
Husky;Dog at Large;2019-03;KARAMA
Bull Arab;Dog at Large;2019-03;LEANYER
Bull Arab;Dog at Large;2019-04;MALAK
Australian Bulldog;Fail To Contain Dog;2019-04;RAPID CREEK
Red Heeler;Unregistered Dog;2019-09;LUDMILLA
Staffordshire Bull Terrier;Dog at Large;2019-04;ZUCCOLLI
Bull Arab;Abandon Dog;2019-04;LEANYER
Mixed Breed;Abandon Dog;2019-04;LEANYER
Mixed Breed;Dog at Large;2019-04;MILLNER
Mixed Breed;Dog at Large;2019-04;RAPID CREEK
Bull Arab;Dog at Large;2019-05;PARAP
Mixed Breed;Abandon Dog;2019-05;ANULA
Staffordshire Bull Terrier;Dog at Large;2018-11;KARAMA
Blue Heeler;Dog at Large;2018-11;MALAK
Bull Arab;Dog at Large;2019-05;PARAP
Bull Arab;Fail To Contain Dog;2019-05;COCONUT GROVE
Pointer;Dog at Large;2019-05;MARRARA
Beagle;Dog at Large;2018-11;MALAK
Bullmastiff;Dog at Large;2018-11;KARAMA
Mixed Breed;Dog at Large;2019-06;LEANYER
Shih Tzu;Dog at Large;2019-06;ANULA
Mixed Breed;Dog at Large;2019-06;MALAK
Staffordshire Bull Terrier;Dog at Large;2019-06;MALAK
Mixed Breed;Dog at Large;2019-06;TIWI
Shih Tzu;Fail To Contain Dog;2018-11;TIWI
Australian Bulldog;Dog at Large;2018-11;WINNELLIE
Shih Tzu;Dog at Large;2018-11;NIGHTCLIFF
Scottish Terrier;Dog at Large;2019-06;KARAMA
Bull Arab;Dog at Large;2019-06;ANULA
Staffordshire Bull Terrier;Dog at Large;2019-07;MOIL
Boxer;Dog at Large;2019-07;LEANYER
Bull Arab;Dog at Large;2019-07;LYONS
Australian Terrier;Dog at Large;2019-07;BRINKIN
Staffordshire Bull Terrier;Fail To Contain Dog;2019-07;STUART PARK
Shih Tzu;Dog at Large;2019-07;KARAMA
Bull Arab;Dog at Large;2019-07;ANULA
Shar Pei;Dog at Large;2019-08;MILLNER
Airedale Terrier;Dog at Large;2019-08;ALAWA
Wolfhound;Dog at Large;2019-01;NAKARA
Rottweiler;Unregistered Dog;2019-04;WAGAMAN
Great Dane;Dog Attack Level 2;2019-04;LEANYER
Great Dane;Dog Attack Level 2;2019-03;MALAK
Pit Bull Terrier;Dog at Large;2019-11;MALAK
Bull Arab;Dog at Large;2020-01;NAKARA
Jack Russell Terrier;Fail To Contain Dog;2018-11;TIWI
Shar Pei;Unregistered Dog;2019-02;MUIRHEAD
Bull Arab;Unregistered Dog;2019-05;ANULA
Pointer;Dog at Large;2019-05;WULAGI
Pit Bull Terrier;Fail To Contain Dog;2019-06;KARAMA
Pit Bull Terrier;Unregistered Dog;2019-05;ANULA
Kelpie;Unregistered Dog;2019-05;LEANYER
Rottweiler;Unregistered Dog;2019-09;MALAK
Pit Bull Terrier;Unregistered Dog;2019-09;MALAK
English Pointer;Unregistered Dog;2019-09;LEANYER
Blue Heeler;Unregistered Dog;2019-10;NIGHTCLIFF
Jack Russell Terrier;Unregistered Dog;2019-10;NIGHTCLIFF
Australian Cattle Dog;Dog Attack Level 1;2020-01;ANULA
Swiss Shepherd;Dog Cause Nuisance;2020-01;RAPID CREEK
Spoodle;Dog at Large;2020-02;WANGURI
Wolfhound;Dog at Large;2019-02;MILLNER
Wolfhound;Dog Attack Level 2;2019-06;MILLNER
Labrador;Dog at Large;2019-06;DARWIN
Shar Pei;Dog Attack Level 2;2019-06;NAKARA
Mixed Breed;Dog Attack Level 1;2019-09;MALAK
Mixed Breed;Dog at Large;2018-12;TIWI
Bull Arab;Dog Attack Level 2;2019-02;MALAK
Blue Heeler;Dog at Large;2019-03;WULAGI
Shar Pei;Fail To Contain Dog;2019-03;WANGURI
Dingo;Dog at Large;2019-04;KARAMA
Dingo;Dog at Large;2019-04;PARAP
Bull Arab;Unregistered Dog;2019-04;LEANYER
Mixed Breed;Fail To Contain Dog;2019-04;LEANYER
Shih Tzu;Dog at Large;2019-04;LEANYER
Border Collie;Dog at Large;2019-04;ANULA
Cavalier King Charles Spaniel;Dog at Large;2019-05;STUART PARK
Mixed Breed;Dog at Large;2019-05;RAPID CREEK
Staffordshire Bull Terrier;Dog at Large;2019-05;MILLNER
Shih Tzu;Dog at Large;2019-05;RAPID CREEK
Pinscher (Miniature);Dog at Large;2019-05;STUART PARK
Staffordshire Bull Terrier;Dog at Large;2019-05;NIGHTCLIFF
Great Dane;Dog at Large;2018-11;NIGHTCLIFF
Tibetan Spaniel;Dog at Large;2018-11;NIGHTCLIFF
Jack Russell Terrier;Dog at Large;2019-05;KARAMA
Bullmastiff;Fail To Contain Dog;2019-05;PARAP
Kelpie;Dog at Large;2019-05;MARRARA
Staffordshire Bull Terrier;Dog at Large;2019-06;STUART PARK
Shar Pei;Fail To Contain Dog;2019-06;MILLNER
Terrier;Dog at Large;2019-06;FANNIE BAY
Staffordshire Bull Terrier;Dog Attack Level 2;2019-04;TIWI
Pit Bull Terrier;Dog Attack Level 1;2019-04;ALAWA
Staffordshire Bull Terrier;Fail To Comply - Conditions Registration;2019-04;WANGURI
Weimaraner;Fail To Comply - Conditions Registration;2019-04;THE GARDENS
Bulldog;Dog Attack Level 1;2019-04;LEANYER
Maltese;Dog Attack Level 1;2019-08;DARWIN
Mixed Breed;Unregistered Dog;2019-08;MALAK
Blue Heeler;Fail To Contain Dog;2019-09;ANULA
Pit Bull Terrier;Dog Attack Level 1;2019-02;LEANYER
Staffordshire Bull Terrier;Unregistered Dog;2019-03;WANGURI
Kelpie;Dog Attack Level 1;2019-03;MALAK
Shar Pei;Dog at Large;2019-08;ALAWA
Shar Pei;Fail To Contain Dog;2019-08;MILLNER
Rottweiler;Dog at Large;2019-08;KARAMA
Mixed Breed;Dog at Large;2019-06;KARAMA
Pit Bull Terrier;Fail To Contain Dog;2019-07;MALAK
Bull Arab;Fail To Contain Dog;2019-08;NAKARA
Bull Arab;Fail To Contain Dog;2019-08;ANULA
Shar Pei;Unregistered Dog;2019-09;KARAMA
Bull Arab;Unregistered Dog;2019-09;KARAMA
Great Dane;Dog Attack Level 1;2019-09;DARWIN
Mixed Breed;Unregistered Dog;2019-09;LEANYER
Bull Arab;Unregistered Dog;2019-09;MALAK
Pit Bull Terrier;Unregistered Dog;2019-09;MALAK
American Pit Bull Terrier;Fail To Contain Dog;2019-10;FANNIE BAY
Blue Heeler;Fail To Contain Dog;2019-10;JINGILI
Pit Bull Terrier;Dog Attack Level 2;2019-11;KARAMA
Irish Wolfhound;Fail To Contain Dog;2019-11;LYONS
Mixed Breed;Fail To Contain Dog;2020-06;WULAGI
American Staffordshire Terrier;Dog at Large;2020-06;ANULA
Mixed Breed;Dog at Large;2020-07;WULAGI
Staffordshire Bull Terrier;Dog at Large;2019-09;MALAK
Bull Arab;Dog at Large;2019-09;MALAK
Blue Heeler;Dog at Large;2019-09;MALAK
American Staffordshire Terrier;Dog at Large;2019-10;ANULA
Shar Pei;Dog at Large;2019-10;MALAK
American Staffordshire Terrier;Dog at Large;2019-10;JINGILI
Wolfhound;Dog at Large;2019-10;WANGURI
Mixed Breed;Unregistered Dog;2019-09;KARAMA
Bull Arab;Dog at Large;2019-12;ANULA
Bullmastiff;Unregistered Dog;2020-01;ANULA
Bull Arab;Dog at Large;2020-01;ANULA
Kelpie;Dog at Large;2020-01;KARAMA
Shar Pei;Dog at Large;2020-05;TIWI
Jack Russell Terrier;Unregistered Dog;2020-05;MALAK
Mixed Breed;Dog at Large;2020-05;WULAGI
Mixed Breed;Fail To Contain Dog;2020-05;WULAGI
American Staffordshire Terrier;Fail To Contain Dog;2020-06;LEANYER
Pit Bull Terrier;Dog Attack Level 1;2020-07;ANULA
Mixed Breed;Dog Attack Level 1;2020-07;ALAWA
Pit Bull Terrier;Dog Attack Level 1;2020-07;NT  0000_x000D_
Staffordshire Bull Terrier;Dog at Large;2020-07;MALAK
Bullmastiff;Dog at Large;2020-09;PARAP
Kelpie;Fail To Contain Dog;2020-10;WAGAMAN
Labrador;Fail To Contain Dog;2020-11;LYONS
Border Collie;Dog Attack Level 2;2021-02;NAKARA
Mixed Breed;Dog Attack Level 1;2021-05;RAPID CREEK
Kelpie;Dog Attack Level 1;2021-06;STUART PARK
Blue Heeler;Dog at Large;2021-06;WAGAMAN
Mixed Breed;Dog Attack Level 1;2021-09;ALAWA
Bull Arab;Dog Attack Level 2;2022-02;STUART PARK
Staffordshire Bull Terrier;Dog Attack Level 1;2022-07;WULAGI
Shar Pei;Dog Attack Level 1;2022-10;MALAK
Staffordshire Bull Terrier;Dog at Large;2021-09;NT  0000
Irish Wolfhound;Dog at Large;2021-11;NT  0000
Mixed Breed;Dog at Large;2022-04;JINGILI
Bullmastiff;Unregistered Dog;2022-06;ALAWA
Maltese;Dog at Large;2022-06;KARAMA
Dobermann;Dog Attack Level 2;2021-10;NIGHTCLIFF
Blue Heeler;Dog Attack Level 1;2022-02;MALAK
Jack Russell Terrier;Dog Attack Level 1;2022-02;NIGHTCLIFF
Mixed Breed;Dog Attack Level 1;2022-03;ANULA
Mixed Breed;Unregistered Dog;2021-09;ALAWA
Staffordshire Bull Terrier;Unregistered Dog;2022-01;LUDMILLA
Mixed Breed;Dog Attack Level 2;2022-08;KARAMA
Mixed Breed;Dog Attack Level 1;2022-08;MALAK
Wolfhound;Dog at Large;2023-02;STUART PARK
Mixed Breed;Unregistered Dog;2023-03;KARAMA
Husky;Dog Cause Nuisance;2023-03;RAAF BASE
Dingo;Dog Attack Level 1;2023-06;COCONUT GROVE
Dingo;Dog at Large;2023-06;COCONUT GROVE
Mixed Breed;Dog Cause Nuisance;2022-07;LYONS
Mixed Breed;Dog Cause Nuisance;2022-07;NT  0000
Cross Breed;Dog at Large;2021-09;FANNIE BAY
Bullmastiff;Dog at Large;2021-04;KARAMA
Bullmastiff;Dog at Large;2021-03;KARAMA
Pit Bull Terrier;Dog Attack Level 2;2021-01;MOIL
Pit Bull Terrier;Dog at Large;2021-01;MALAK
Kelpie;Dog Attack Level 1;2021-09;JINGILI
German Shepherd Dog;Dog Attack Level 1;2021-09;MARRARA
Shar Pei;Dog Attack Level 1;2021-09;LEANYER
Border Collie;Dog at Large;2021-06;BAYVIEW
Bull Arab;Dog at Large;2021-05;COCONUT GROVE
Pit Bull Terrier;Dog Attack Level 1;2021-05;ANULA
Pit Bull Terrier;Unregistered Dog;2022-04;JINGILI
German Shepherd Dog;Unregistered Dog;2022-03;TIWI
Mixed Breed;Fail To Contain Dog;2022-03;RAPID CREEK
Mixed Breed;Fail To Contain Dog;2022-03;NT  0000
Mixed Breed;Dog at Large;2021-02;MUIRHEAD
German Shepherd Dog;Dog Cause Nuisance;2021-02;WULAGI
Border Collie;Dog Attack Level 2;2021-11;STUART PARK
Staffordshire Bull Terrier;Dog Attack Level 1;2021-07;LEANYER
Pit Bull Terrier;Unregistered Dog;2021-07;MALAK
Bull Arab;Unregistered Dog;2021-07;ANULA
Australian Cattle Dog;Dog at Large;2021-05;RAPID CREEK
English Staffordshire Bull Terrier;Unregistered Dog;2021-04;MILLNER
Blue Heeler;Dog Attack Level 2;2021-03;FANNIE BAY
Bull Arab;Fail To Contain Dog;2021-02;FANNIE BAY
Red Heeler;Fail To Contain Dog;2020-10;WAGAMAN
Cross Breed;Dog at Large;2022-09;MALAK
Mixed Breed;Unregistered Dog;2021-07;RAPID CREEK
Jack Russell Terrier;Dog Attack Level 1;2022-01;COCONUT GROVE
Mixed Breed;Dog Attack Level 2;2022-02;RAPID CREEK
Staffordshire Bull Terrier;Dog Attack Level 1;2022-03;MOIL
Great Dane;Unregistered Dog;2023-01;KARAMA
Great Dane;No Licence to Keep Dogs as Required;2023-01;KARAMA
Maltese;Unregistered Dog;2023-02;TIWI
Labrador;Dog at Large;2023-02;MOIL
Mixed Breed;Dog at Large;2023-02;KARAMA
Labrador;Dog at Large;2022-06;LUDMILLA
American Staffordshire Terrier;Dog at Large;2022-06;LUDMILLA
Dingo;Fail To Contain Dog;2023-02;COCONUT GROVE
Wolfhound;Unregistered Dog;2022-12;WAGAMAN
Cross Breed;Unregistered Dog;2023-02;STUART PARK
German Shepherd Dog;Unregistered Dog;2023-02;COCONUT GROVE
Maltese;Unregistered Dog;2023-02;COCONUT GROVE
Mixed Breed;Unregistered Dog;2023-02;COCONUT GROVE
Mixed Breed;Unregistered Dog;2023-03;JINGILI
Pit Bull Terrier;Unregistered Dog;2023-03;WAGAMAN
Corgi;Unregistered Dog;2023-05;WANGURI
Mixed Breed;Unregistered Dog;2023-05;JINGILI
Pointer;Dog at Large;2023-07;LEANYER
Pointer;Unregistered Dog;2023-07;LEANYER
Mixed Breed;Dog at Large;2023-08;MALAK
Chihuahua;Unregistered Dog;2023-08;MALAK
Bullmastiff;No Licence to Keep Dogs as Required;2023-08;JINGILI
Pit Bull Terrier;Dog at Large;2023-09;ANULA
Mixed Breed;Dog at Large;2023-09;MALAK
Mixed Breed;Fail To Contain Dog;2023-10;ANULA
Pit Bull Terrier;Unregistered Dog;2023-10;ANULA
Pit Bull Terrier;Dog at Large;2023-10;ANULA
Pit Bull Terrier;Dog Attack Level 1;2023-10;ANULA
Dingo;Dog at Large;2022-12;COCONUT GROVE
American Pit Bull Terrier;Fail To Comply - Conditions Registration;2022-11;MALAK
Staffordshire Bull Terrier;Fail To Comply - Conditions Registration;2022-11;JINGILI
Staffordshire Bull Terrier;Unregistered Dog;2022-11;JINGILI
Staffordshire Bull Terrier;Unregistered Dog;2022-11;WANGURI
Staffordshire Bull Terrier;Fail To Comply - Conditions Registration;2022-11;WANGURI
American Pit Bull Terrier;Unregistered Dog;2022-11;MILLNER
Chihuahua;Fail To Contain Dog;2025-11;NAKARA
Shar Pei;Fail To Contain Dog;2025-11;NAKARA
Bull Arab;Dog Attack - Aggravated;2025-09;MUIRHEAD
Dobermann;Dog Not Under Effective Control;2025-06;JINGILI
Great Dane;Fail To Contain Dog;2025-06;MALAK
Pit Bull Terrier;Unregistered Dog;2025-03;KARAMA
Shar Pei;Fail To Contain Dog;2025-01;KARAMA
Australian Cattle Dog;Fail To Contain Dog;2025-01;KARAMA
Rottweiler;Fail To Contain Dog;2025-01;NT  0000
Bull Terrier;Fail To Contain Dog;2025-08;NIGHTCLIFF
French Bulldog;Fail To Contain Dog;2025-01;FANNIE BAY
Pit Bull Terrier;Fail To Contain Dog;2025-01;FANNIE BAY
Staffordshire Bull Terrier;Fail To Contain Dog;2025-01;WANGURI
Chihuahua;Fail To Contain Dog;2025-01;MALAK
Husky;Fail To Contain Dog;2025-01;BERRIMAH
Chihuahua;Fail To Contain Dog;2024-12;WULAGI
Bullmastiff;Fail To Contain Dog;2024-12;KARAMA
Terrier;Dog Attack - Contact;2025-03;NT  0000
Staffordshire Bull Terrier;Fail To Contain Dog;2025-01;MALAK
Irish Wolfhound;Fail To Contain Dog;2025-01;LARRAKEYAH
Irish Wolfhound;Dog Attack - Contact;2025-01;LARRAKEYAH
Pinscher;Fail To Contain Dog;2024-12;WANGURI
Rottweiler;Fail To Contain Dog;2025-06;NAKARA
Shar Pei;Fail To Comply Conditions Dangerous Dog;2025-08;WULAGI
English Staffordshire Bull Terrier;Fail To Comply Conditions Dangerous Dog;2025-08;JINGILI
German Shepherd Dog;Dog Attack - Serious;2025-10;MOIL
Great Dane;Fail To Comply Conditions Dangerous Dog;2025-08;MALAK
Bullmastiff;Fail To Contain Dog;2025-04;JINGILI
Pit Bull Terrier;Unregistered Dog;2025-04;MOIL
Staffordshire Bull Terrier;Fail To Contain Dog;2024-12;MILLNER
Cross Breed;Unregistered Dog;2025-04;NAKARA
Cane Corso;Fail To Contain Dog;2025-09;MARRARA
Staffordshire Bull Terrier;Fail To Contain Dog;2025-08;MOIL
Cross Breed;Dog Menace;2025-08;WULAGI
Pointer;Fail To Contain Dog;2025-06;PARAP
Pointer;Unregistered Dog;2025-06;PARAP
English Staffordshire Bull Terrier;Fail To Comply Conditions  Registration;2025-03;JINGILI
Shar Pei;Unregistered Dog;2025-03;WULAGI
Great Dane;Unregistered Dog;2025-03;KARAMA
Staffordshire Bull Terrier;Unregistered Dog;2025-03;WANGURI
Shar Pei;Unregistered Dog;2025-03;KARAMA
Heeler;Unregistered Dog;2024-11;LUDMILLA
Heeler;Unregistered Dog;2025-01;ALAWA
Maltese;Unregistered Dog;2025-01;ALAWA
Shar Pei;Unregistered Dog;2025-01;KARAMA
Pit Bull Terrier;Fail To Contain Dog;2025-05;WULAGI
Staffordshire Bull Terrier;Unregistered Dog;2024-11;MALAK
Bullmastiff;Fail To Contain Dog;2024-12;KARAMA
Wolfhound;Unregistered Dog;2025-01;COCONUT GROVE
Chihuahua;Fail To Contain Dog;2024-11;MALAK
American Staffordshire Terrier;Fail To Contain Dog;2025-02;BRINKIN
Border Collie;Dog Not Under Effective Control;2025-02;MOIL
Border Collie;Dog Attack - Serious;2025-02;MOIL
Kelpie;Dog Menace;2025-02;FANNIE BAY
Maltese;Unregistered Dog;2025-07;WANGURI
Cavalier King Charles Spaniel;Fail To Contain Dog;2025-04;STUART PARK
American Staffordshire Terrier;Dog Attack - Serious;2025-05;STUART PARK
Maremma;Dog Not Under Effective Control;2025-05;PARAP
Staffordshire Bull Terrier;Unregistered Dog;2025-03;LEANYER
Jack Russell Terrier;Fail To Contain Dog;2025-11;NT  0000_x000D_
Unknown;Fail To Contain Dog;2025-11;KARAMA
Blue Heeler;Fail To Contain Dog;2025-10;NT  0000_x000D_
Bull Arab;Fail To Contain Dog;2025-09;LYONS
American Staffordshire Terrier;Fail To Contain Dog;2025-06;WULAGI
Shar Pei;Unregistered Dog;2025-07;KARAMA
Jack Russell Terrier;Fail To Contain Dog;2025-10;RAPID CREEK
Catahoula;Dog Not Under Effective Control;2025-11;NIGHTCLIFF
Pointer;Fail To Contain Dog;2025-11;WULAGI
Staffordshire Bull Terrier;Fail To Contain Dog;2025-12;LARRAKEYAH
Blue Heeler;Fail To Contain Dog;2025-11;RAPID CREEK
Rottweiler;Fail To Contain Dog;2025-07;RAPID CREEK
Bull Arab;Fail To Contain Dog;2025-07;BRINKIN
Catahoula;Fail To Contain Dog;2025-11;MOIL
Cross Breed;Fail To Contain Dog;2025-11;LUDMILLA
Jack Russell Terrier;Fail To Contain Dog;2025-12;THE NARROWS
Bullmastiff;Unregistered Dog;2024-03;WAGAMAN
Car;Dog at Large - No ID Device;2024-01;BAKEWELL
Cross Breed;Unregistered Dog;2024-02;MALAK
Cross Breed;Unregistered Dog;2024-02;MALAK
Cross Breed;Unregistered Dog;2024-02;MALAK
Bull Arab;Unregistered Dog;2024-02;PARAP
Bull Arab;Unregistered Dog;2024-03;FANNIE BAY
Cross Breed;Unregistered Dog;2024-03;MALAK
Cross Breed;Fail To Comply Conditions Dangerous Dog;2024-04;ANULA
Cross Breed;Unregistered Dog;2024-04;ALAWA
Stafforshire Bull Terrier;Fail To Contain Dog;2024-04;MOIL
American Pit Bull Terrier;Fail To Contain Dog;2024-04;KARAMA
Cross Breed;Fail To Contain Dog;2024-04;WULAGI
Bull Terrier Cross;Unregistered Dog;2024-05;KARAMA
Bull Arab;Fail To Contain Dog;2024-06;NAKARA
Cross Breed;Fail To Contain Dog;2024-06;WULAGI
American Pit Bull Terrier;Fail To Contain Dog;2024-06;FANNIE BAY
Australian Cattle Dog;Fail To Contain Dog;2024-06;KARAMA
Cross Breed;Dog Menace;2024-07;JINGILI
Cross Breed;Fail To Contain Dog;2024-07;BRINKIN
Bull Arab Cross;Fail To Contain Dog;2024-07;NAKARA
Cross Breed;Unregistered Dog;2024-08;LEANYER
Cross Breed;Fail To Contain Dog;2024-09;LEANYER
Mastiff;Fail To Contain Dog;2023-11;KARAMA
Stafforshire Bull Terrier;Fail To Contain Dog;2023-12;MOIL
Car;Dog at Large - No ID Device;2023-12;DRIVER
Stafforshire Bull Terrier;Dog Attack - Serious;2024-02;BAYVIEW
Cross Breed;Fail To Contain Dog;2024-02;WULAGI
Stafforshire Bull Terrier;Dog Attack - Serious;2024-02;BAYVIEW
Cross Breed;Fail To Contain Dog;2024-03;TIWI
Bull Arab;Dog Menace;2024-03;FANNIE BAY
Bull Arab;Dog Menace;2024-03;PARAP
Cross Breed;Unregistered Dog;2024-03;KARAMA
American Pit Bull Terrier;Fail To Contain Dog;2024-03;MALAK
American Pit Bull Terrier;Fail To Comply Conditions Dangerous Dog;2024-04;ANULA
Australian Cattle Dog;Fail To Contain Dog;2024-04;ALAWA
Bull Arab;Fail To Contain Dog;2024-04;ALAWA
Bull Terrier;Unregistered Dog;2024-05;KARAMA
American Staffordshire Terrier Cross;Unregistered Dog;2024-05;KARAMA
American Staffordshire Terrier Cross;Unregistered Dog;2024-05;KARAMA
Cross Breed;Fail To Comply Conditions  Registration;2024-05;STUART PARK
Toy Poodle;Unregistered Dog;2024-05;ALAWA
Cockerspanial;Unregistered Dog;2024-05;NAKARA
Stafforshire Bull Terrier;Fail To Contain Dog;2024-06;ANULA
Border Collie;Fail To Contain Dog;2024-06;NAKARA
Bull Arab;Fail To Comply Conditions  Registration;2024-06;LEANYER
Border Collie;Dog Not Under Effective Control;2024-07;LEANYER
Bull Terrier Cross;Fail To Contain Dog;2024-07;FANNIE BAY
Cross Breed;Fail To Contain Dog;2024-07;LEANYER
American Pit Bull Terrier;Unregistered Dog;2024-08;KARAMA
Rottweiler;Dog at Large;2018-07;MALAK
Mixed Breed;Dog at Large;2018-07;WAGAMAN
Maltese;Dog at Large;2018-07;RAPID CREEK
Labrador;Dog at Large;2018-07;MOIL
Great Dane;Dog at Large;2018-09;ALAWA
Staffordshire Bull Terrier;Dog at Large;2018-09;ALAWA
Staffordshire Bull Terrier;Dog at Large;2018-09;MARRARA
Staffordshire Bull Terrier;Dog Attack Level 1;2018-09;MARRARA
Kelpie;Dog at Large;2018-09;COCONUT GROVE
Mixed Breed;Fail To Contain Dog;2018-05;DARWIN
Mixed Breed;Fail To Contain Dog;2018-08;MALAK
Mixed Breed;Fail To Contain Dog;2018-10;ANULA
Bullmastiff;Dog Attack Level 1;2018-09;KARAMA
Chihuahua;Unregistered Dog;2018-09;MILLNER
Blue Heeler;Dog at Large;2018-09;LEANYER
Staffordshire Bull Terrier;Dog at Large;2018-10;THE GARDENS
Kelpie;Dog Attack Level 2;2018-10;MILLNER
Jack Russell Terrier;Dog at Large;2018-08;JINGILI
Staffordshire Bull Terrier;Fail To Contain Dog;2018-08;LARRAKEYAH
Border Collie;Dog at Large;2018-08;WULAGI
Labrador;Dog at Large;2018-08;KARAMA
Rhodesian Ridgeback;Dog at Large;2018-08;BAKEWELL
Labrador;Fail To Contain Dog;2018-08;MOIL
Labrador;Dog at Large;2018-08;MOIL
Poodle (Miniature);Dog at Large;2018-08;NIGHTCLIFF
French Bulldog;Dog at Large;2018-08;STUART PARK
Blue Heeler;Dog at Large;2018-08;TIWI
Pit Bull Terrier;Dog at Large;2018-08;STUART PARK
Mixed Breed;Dog at Large;2018-10;WANGURI
German Shepherd Dog;Dog at Large;2018-10;LEANYER
Schnauzer (Standard);Dog at Large;2018-10;KARAMA
Husky;Dog at Large;2018-10;WULAGI
Shar Pei;Dog at Large;2018-10;KARAMA
Bull Arab;Dog at Large;2018-10;COCONUT GROVE
Staffordshire Bull Terrier;Dog Attack Level 1;2018-06;WANGURI
Pit Bull Terrier;Dog Attack Level 1;2018-07;MARRAKAI
Bull Arab;Dog at Large;2018-09;MALAK
Bull Terrier;Dog at Large;2018-01;LEANYER
Staffordshire Bull Terrier;Dog at Large;2018-02;MALAK
Kelpie;Dog at Large;2018-02;JINGILI
Great Dane;Dog at Large;2018-02;MALAK
Maltese;Dog at Large;2018-03;WULAGI
Bullmastiff;Fail To Contain Dog;2018-04;PARAP  NT_x000D_  0820
Mixed Breed;Dog at Large;2018-05;MALAK
Cavoodle;Dog at Large;2018-06;RAPID CREEK
Kelpie;Dog at Large;2018-06;WULAGI
Kelpie;Dog at Large;2018-07;BERRIMAH
Staffordshire Bull Terrier;Dog at Large;2018-07;MALAK
German Shepherd Dog;Dog at Large;2018-07;COCONUT GROVE
Bull Arab;Dog at Large;2018-07;COCONUT GROVE
Jack Russell Terrier;Dog at Large;2018-07;ALAWA
Bull Arab;Dog at Large;2018-07;MILLNER
Bull Arab;Dog at Large;2018-09;KNUCKEY LAGOON
Bullmastiff;Dog at Large;2018-09;ALAWA
English Staffordshire Bull Terrier;Dog at Large;2018-09;MILLNER
Pit Bull Terrier;Dog at Large;2018-09;MILLNER
American Staffordshire Terrier;Dog at Large;2018-09;WULAGI
Airedale Terrier;Dog at Large;2018-03;WOOLNER
Australian Bulldog;Dog at Large;2018-03;RAPID CREEK
Jack Russell Terrier;Fail To Contain Dog;2018-09;JINGILI
Bullmastiff;Dog at Large;2018-09;STUART PARK
Pit Bull Terrier;Fail To Contain Dog;2018-08;STUART PARK
Australian Bulldog;Fail To Contain Dog;2018-03;RAPID CREEK
German Short Haired Pointer;Dog at Large;2018-08;ALAWA
Blue Heeler;Dog at Large;2018-06;NIGHTCLIFF
Jack Russell Terrier;Dog at Large;2018-06;NAKARA
Bullmastiff;Dog at Large;2018-06;MOIL
Staffordshire Bull Terrier;Dog at Large;2018-06;LARRAKEYAH
Jack Russell Terrier;Dog at Large;2018-06;RAPID CREEK
Staffordshire Bull Terrier;Dog at Large;2018-06;JINGILI
Pug;Dog at Large;2018-07;RAAF BASE
Bull Arab;Dog at Large;2018-07;LARRAKEYAH
Great Dane;Dog at Large;2018-07;LARRAKEYAH
Pit Bull Terrier;Dog at Large;2018-07;MALAK
Staffordshire Bull Terrier;Dog at Large;2018-07;STUART PARK
Jack Russell Terrier;Dog at Large;2018-08;JINGILI
Blue Heeler;Dog at Large;2018-08;WAGAMAN
German Shepherd Dog;Dog at Large;2018-08;LUDMILLA
Jack Russell Terrier;Dog at Large;2018-08;JINGILI
Blue Heeler;Dog at Large;2018-08;KARAMA
Bullmastiff;Dog at Large;2018-07;FANNIE BAY
German Short Haired Pointer;Dog at Large;2018-07;FANNIE BAY
Labrador;Dog at Large;2018-01;MALAK
German Shepherd Dog;Dog at Large;2018-10;COCONUT GROVE
Australian Cattle Dog;Fail To Contain Dog;2018-06;NIGHTCLIFF
German Shepherd Dog;Fail To Comply - Conditions Registration;2018-10;COCONUT GROVE
Mixed Breed;Dog at Large;2018-10;TIWI
Pit Bull Terrier;Dog at Large;2018-06;LUDMILLA
Bull Arab;Unregistered Dog;2018-05;NAKARA
Great Dane;Dog at Large;2019-03;STUART PARK
American Staffordshire Terrier;Dog at Large;2019-03;THE NARROWS
Staffordshire Bull Terrier;Dog at Large;2019-03;LUDMILLA
Great Dane;Dog at Large;2018-11;MALAK
German Shepherd Dog;Dog at Large;2018-11;COCONUT GROVE
American Staffordshire Terrier;Dog at Large;2018-12;NAKARA
Bull Arab;Dog at Large;2018-12;NAKARA
Mixed Breed;Dog at Large;2019-02;JINGILI
Mixed Breed;Fail To Contain Dog;2018-04;KARAMA
Staffordshire Bull Terrier;Fail To Contain Dog;2018-01;KARAMA
Shih Tzu;Dog at Large;2019-02;LEANYER
Australian Cattle Dog;Fail To Contain Dog;2019-01;PARAP
Staffordshire Bull Terrier;Fail To Contain Dog;2019-01;PARAP
Rottweiler;Dog Attack Level 1;2019-04;WAGAMAN
Staffordshire Bull Terrier;Dog Attack Level 2;2019-03;JINGILI
Bullmastiff;Fail To Contain Dog;2019-03;RAPID CREEK
Labrador;Fail To Contain Dog;2019-03;NIGHTCLIFF
Heeler;Dog at Large;2019-03;LUDMILLA
Mixed Breed;Dog at Large;2019-03;BERRIMAH
Australian Bulldog;Dog at Large;2019-03;RAPID CREEK
Bullmastiff;Dog at Large;2019-03;WULAGI
German Shepherd Dog;Fail To Contain Dog;2019-03;COCONUT GROVE
Pinscher;Dog at Large;2019-03;BAYVIEW
Heeler;Dog at Large;2019-03;NAKARA
Dingo;Dog at Large;2019-04;NIGHTCLIFF
Terrier;Dog at Large;2019-04;ANULA
American Staffordshire Terrier;Dog at Large;2018-11;MALAK
Staffordshire Bull Terrier;Dog at Large;2019-05;JINGILI
German Short Haired Pointer;Dog at Large;2019-05;MARRARA
Bull Arab;Dog at Large;2019-05;MALAK
Papillon;Dog at Large;2018-11;FANNIE BAY
German Shepherd Dog;Dog at Large;2019-06;WAGAMAN
Staffordshire Bull Terrier;Dog at Large;2019-06;MOIL
Australian Cattle Dog;Dog at Large;2019-06;WULAGI
Mixed Breed;Dog at Large;2019-06;TIWI
Staffordshire Bull Terrier;Dog at Large;2019-06;MILLNER
Mixed Breed;Dog at Large;2018-11;ALAWA
Pit Bull Terrier;Dog at Large;2019-06;KARAMA
Mixed Breed;Dog at Large;2019-07;MARRARA
Jack Russell Terrier;Dog at Large;2019-07;STUART PARK
Pit Bull Terrier;Dog at Large;2019-07;KARAMA
Bull Arab;Dog at Large;2019-07;LYONS
Shih Tzu;Dog at Large;2019-07;NIGHTCLIFF
Mixed Breed;Dog at Large;2018-10;BRINKIN
Pit Bull Terrier;Dog at Large;2018-10;KARAMA
Shar Pei;Fail To Contain Dog;2018-12;KARAMA
Wolfhound;Dog Attack Level 2;2019-01;NAKARA
Australian Cattle Dog;Dog at Large;2019-05;MOIL
Border Collie;Fail To Contain Dog;2018-11;KARAMA
Shar Pei;Fail To Contain Dog;2018-11;KARAMA
Rhodesian Ridgeback;Dog at Large;2018-12;TIWI
Jack Russell Terrier;Fail To Contain Dog;2019-01;TIWI
Cavalier King Charles Spaniel;Unregistered Dog;2019-02;NT  0000_x000D_
Shar Pei;Unregistered Dog;2019-02;NT  0000_x000D_
Cavalier King Charles Spaniel;Unregistered Dog;2019-02;MUIRHEAD
Bull Arab;Unregistered Dog;2019-04;LEANYER
Bull Arab;Fail To Contain Dog;2019-04;KARAMA
Bullmastiff;Unregistered Dog;2019-05;ANULA
Bull Arab;Dog Attack Level 1;2019-05;NAKARA
Australian Cattle Dog;Dog at Large;2019-05;PARAP
Mixed Breed;Unregistered Dog;2019-05;MALAK
American Staffordshire Terrier;Dog Attack Level 1;2019-06;NAKARA
Staffordshire Bull Terrier;Dog Attack Level 2;2019-06;MILLNER
Boxer;Unregistered Dog;2019-05;LEANYER
Maltese;Fail To Contain Dog;2019-08;MALAK
Mixed Breed;Fail To Contain Dog;2019-09;STUART PARK
Blue Heeler;Unregistered Dog;2019-10;NIGHTCLIFF
German Shepherd Dog;Dog at Large;2019-11;LEANYER
Staffordshire Bull Terrier;Unregistered Dog;2019-12;JINGILI
Spoodle;Fail To Contain Dog;2020-01;WANGURI
Rottweiler;Fail To Comply - Conditions Registration;2019-08;WULAGI
Labrador;Fail To Contain Dog;2019-02;WAGAMAN
Shar Pei;Dog at Large;2019-03;MALAK
Husky;Dog at Large;2019-03;WAGAMAN
Husky;Dog at Large;2019-03;KARAMA
Staffordshire Bull Terrier;Dog at Large;2019-03;ANULA
Pit Bull Terrier;Dog Cause Nuisance;2019-01;LEANYER
Bull Arab;Fail To Contain Dog;2019-04;LEANYER
Kelpie;Dog at Large;2019-04;LYONS
Pit Bull Terrier;Dog at Large;2019-04;MALAK
Australian Cattle Dog;Dog at Large;2019-04;RAPID CREEK
Shih Tzu;Dog at Large;2019-04;TIWI
Pit Bull Terrier;Dog at Large;2019-04;ALAWA
Bull Arab;Dog at Large;2019-05;ANULA
English Bull Terrier;Dog at Large;2019-05;STUART PARK
Staffordshire Bull Terrier;Dog at Large;2019-05;TIWI
German Shepherd Dog;Dog at Large;2018-11;COCONUT GROVE
Great Dane;Dog at Large;2019-05;CASUARINA
Labrador;Dog at Large;2019-05;TIWI
Mixed Breed;Dog at Large;2019-05;NIGHTCLIFF
Staffordshire Bull Terrier;Dog at Large;2019-05;MARRARA
Border Collie;Abandon Dog;2019-05;ANULA
Mixed Breed;Dog at Large;2019-05;STUART PARK
Bull Arab;Dog at Large;2019-06;EAST POINT
Kelpie;Dog at Large;2019-06;JINGILI
Mixed Breed;Dog at Large;2019-06;LEANYER
Kelpie;Dog at Large;2019-06;MALAK
Staffordshire Bull Terrier;Dog at Large;2019-06;MILLNER
Pointer;Dog Attack Level 2;2019-04;WULAGI
Pit Bull Terrier;Unregistered Dog;2019-04;ALAWA
Bull Terrier;Dog Attack Level 1;2019-04;TIWI
Weimaraner;Fail To Comply - Conditions Registration;2019-04;THE GARDENS
Pit Bull Terrier;Unregistered Dog;2019-04;MILLNER
Maltese;Unregistered Dog;2019-08;DARWIN
Pit Bull Terrier;Dog Attack Level 1;2019-09;MALAK
Poodle;Fail To Contain Dog;2019-09;TIWI
Staffordshire Bull Terrier;Dog at Large;2018-11;WANGURI
Bull Arab;Subsequent Attack Within 12 Months;2019-02;LEANYER
Pit Bull Terrier;Subsequent Attack Within 12 Months;2019-02;LEANYER
Staffordshire Bull Terrier;Dog Attack Level 1;2019-03;WANGURI
Shar Pei;Dog at Large;2019-08;LUDMILLA
Bull Arab;Dog at Large;2019-09;LEANYER
Bull Arab;Dog Attack Level 1;2019-08;ALAWA
American Pit Bull Terrier;Fail To Contain Dog;2019-08;JINGILI
Bull Arab;Dog Attack Level 1;2019-09;MOIL
Maltese;Unregistered Dog;2019-09;MALAK
Great Dane;Unregistered Dog;2019-09;MALAK
Bull Arab;Dog Attack Level 1;2019-10;BAYVIEW
Heeler;Dog Attack Level 1;2019-10;JINGILI
American Pit Bull Terrier;Unregistered Dog;2019-10;FANNIE BAY
Great Dane;Fail To Contain Dog;2019-11;ANULA
Great Dane;Fail To Contain Dog;2019-12;ANULA
Pointer;Dog at Large;2020-01;STUART PARK
Beagle;Dog at Large;2020-01;WULAGI
Bull Arab;Dog at Large;2020-06;LEANYER
Staffordshire Bull Terrier;Dog Attack Level 1;2020-06;JINGILI
Jack Russell Terrier;Dog at Large;2019-09;LEANYER
Great Dane;Dog at Large;2019-09;ANULA
Staffordshire Bull Terrier;Dog at Large;2019-10;MOIL
Labrador;Dog at Large;2019-10;JINGILI
Red Heeler;Dog Attack Level 1;2019-11;PALMERSTON
Mixed Breed;Unregistered Dog;2019-12;ANULA
Kelpie;Dog at Large;2020-01;KARAMA
Red Heeler;Dog Attack Level 1;2020-02;CHARLOTTE
Staffordshire Bull Terrier;Dog Attack Level 1;2020-04;JINGILI
Staffordshire Bull Terrier;Fail To Contain Dog;2020-04;JINGILI
Bull Arab;Dog Attack Level 2;2020-06;NAKARA
Bull Arab;Dog Cause Nuisance;2020-06;NAKARA
American Staffordshire Terrier;Fail To Contain Dog;2020-06;MALAK
Mixed Breed;Dog at Large;2020-06;KARAMA
German Shepherd Dog;Dog Attack Level 1;2020-08;MOIL
Mixed Breed;Dog at Large;2020-09;LUDMILLA
Shar Pei;Dog Attack Level 1;2020-08;MALAK
Shar Pei;No Licence to Keep Dogs as Required;2020-09;KARAMA
Pit Bull Terrier;Dog at Large;2020-07;ALAWA
Pit Bull Terrier;Dog Attack Level 1;2020-07;JINGILI
Cross Breed;Dog at Large;2020-08;FANNIE BAY
English Mastiff;Dog at Large;2020-09;PARAP
Border Collie;Fail To Contain Dog;2020-08;COCONUT GROVE
Unknown;Dog Attack Level 1;2020-09;\N
Mixed Breed;Dog in a Restricted Area;2021-05;PARAP
Mixed Breed;Dog Attack Level 1;2020-11;NIGHTCLIFF
Bullmastiff;Dog Attack Level 1;2021-01;MOIL
Border Collie;Dog at Large;2021-02;NAKARA
Kelpie;Dog at Large;2021-05;TIWI
Rhodesian Ridgeback;Dog Attack Level 1;2021-05;MALAK
Greyhound;Dog at Large;2021-06;FANNIE BAY
Staffordshire Bull Terrier;Dog Attack Level 1;2022-04;ALAWA
Kelpie;Dog Attack Level 1;2022-06;TIWI
Staffordshire Bull Terrier;Dog Attack Level 1;2022-07;GUNN
Bull Arab;Dog Attack Level 1;2022-07;GUNN
Mixed Breed;Dog Attack Level 1;2022-10;MALAK
Bull Arab;Dog Attack Level 1;2022-10;RAPID CREEK
English Staffordshire Bull Terrier;Fail To Contain Dog;2023-02;FANNIE BAY
Bull Arab;Dog Attack Level 1;2023-02;ANULA
Mixed Breed;Dog Attack Level 2;2023-05;JINGILI
English Staffordshire Bull Terrier;Dog Attack Level 2;2023-05;JINGILI
Staffordshire Bull Terrier;Dog at Large;2021-10;PARAP
Mixed Breed;Unregistered Dog;2022-04;JINGILI
Bull Arab;Unregistered Dog;2022-06;ALAWA
Bullmastiff;Fail To Contain Dog;2022-06;ALAWA
Bull Arab;Dog at Large;2020-10;NAKARA
Great Dane;Dog in a Restricted Area;2020-11;LARRAKEYAH
Great Dane;Unregistered Dog;2020-11;LARRAKEYAH
Rottweiler;Dog Attack Level 1;2021-01;MILLNER
Bullmastiff;Dog at Large;2021-02;LEANYER
Bandog;Dog Attack Level 1;2021-11;LYONS
Pit Bull Terrier;Dog Attack Level 1;2020-12;LUDMILLA
Dobermann;Dog Attack Level 1;2020-12;KARAMA
Mixed Breed;Dog Attack Level 1;2022-04;THE GARDENS
Bull Arab;Dog Attack Level 2;2022-08;NAKARA
British Bulldog;Fail To Contain Dog;2022-10;LUDMILLA
Kelpie;Dog Attack Level 2;2022-11;ALAWA
Blue Heeler;Unregistered Dog;2022-12;WAGAMAN
Red Heeler;Unregistered Dog;2023-01;WAGAMAN
Wolfhound;Unregistered Dog;2023-02;STUART PARK
Bullmastiff;Unregistered Dog;2023-03;KARAMA
Dingo;Fail To Comply - Conditions Registration;2023-06;COCONUT GROVE
Cross Breed;Fail To Comply - Conditions Registration;2021-09;FANNIE BAY
Bull Arab;Dog at Large;2021-01;ANULA
American Pit Bull Terrier;Dog Attack Level 1;2020-12;MILLNER
Great Dane;Fail To Contain Dog;2022-06;WULAGI
Bullmastiff;Dog Attack Level 2;2021-09;NAKARA
Pit Bull Terrier;Unregistered Dog;2021-06;ANULA
Australian Cattle Dog;Dog Attack Level 1;2021-05;NIGHTCLIFF
German Shepherd Dog;Fail To Contain Dog;2022-04;TIWI
Wolfhound;Unregistered Dog;2022-03;TIWI
Irish Wolfhound;Dog at Large;2021-11;STUART PARK
Rottweiler;Dog Attack Level 1;2022-02;GLENELLA  QLD  4740
Weimaraner;Fail To Contain Dog;2022-02;STUART PARK
Great Dane;Dog Attack Level 1;2021-09;JINGILI
American Staffordshire Terrier;Dog at Large;2021-05;NIGHTCLIFF
Border Collie;Dog Attack Level 2;2021-10;STUART PARK
Pit Bull Terrier;Unregistered Dog;2021-07;KARAMA
Rottweiler;Dog at Large;2021-05;LEANYER
Wolfhound;Dog Attack Level 1;2021-03;KARAMA
Bull Arab;Fail To Contain Dog;2021-02;FANNIE BAY
Stumpy Tail Cattle Dog;Dog at Large;2021-01;MILLNER
Chihuahua;Dog Cause Nuisance;2022-12;THE NARROWS
Mixed Breed;Unregistered Dog;2021-07;MALAK
Rhodesian Ridgeback;Unregistered Dog;2021-07;MALAK
Terrier;Dog at Large;2022-01;MALAK
Bulldog;Fail To Contain Dog;2022-04;BAYVIEW
Mixed Breed;Fail To Comply - Conditions Registration;2022-04;RAPID CREEK
Staffordshire Bull Terrier;Fail To Comply - Conditions Registration;2022-04;MILLNER
Bulldog;Unregistered Dog;2022-04;BAYVIEW
Pit Bull Terrier;Dog Attack Level 1;2022-05;WANGURI
Bullmastiff;Dog Attack Level 1;2022-05;WANGURI
Mixed Breed;Dog Attack Level 2;2022-05;MALAK
Rottweiler;Unregistered Dog;2023-02;KARAMA
Mixed Breed;Unregistered Dog;2023-02;NIGHTCLIFF
Bull Arab;Dog at Large;2023-06;RAPID CREEK
Pit Bull Terrier;Unregistered Dog;2022-12;WAGAMAN
Wolfhound;No Licence to Keep Dogs as Required;2023-02;WAGAMAN
Bull Arab;Unregistered Dog;2023-02;MALAK
Heeler;Unregistered Dog;2023-02;WAGAMAN
Mixed Breed;Unregistered Dog;2023-02;MALAK
Mixed Breed;Unregistered Dog;2023-02;JINGILI
German Shepherd Dog;Unregistered Dog;2023-03;COCONUT GROVE
Pit Bull Terrier;Unregistered Dog;2023-03;WAGAMAN
Cross Breed;Unregistered Dog;2023-03;NIGHTCLIFF
Shar Pei;Dog at Large;2023-05;TIWI
Dingo;Dog at Large;2023-06;MALAK
Cane Corso;Dog at Large;2023-07;LEANYER
Cane Corso;Unregistered Dog;2023-07;LEANYER
Pit Bull Terrier;Dog at Large;2023-08;MILLNER
Jack Russell Terrier;Dog at Large;2023-08;KARAMA
Maltese;Dog at Large;2023-08;KARAMA
Rottweiler;Dog at Large;2023-08;JINGILI
Pomeranian;Unregistered Dog;2023-08;MALAK
Mixed Breed;Unregistered Dog;2023-08;MALAK
Mixed Breed;Unregistered Dog;2023-10;LEANYER
Shar Pei;Dog Attack Level 2;2024-04;MALAK
Mixed Breed;Dog Attack Level 1;2023-10;ANULA
Kelpie;Dog at Large;2022-11;DARWIN
Pit Bull Terrier;Unregistered Dog;2023-02;ANULA
Kelpie;Dog at Large;2022-11;MILLNER
Kelpie;Fail To Contain Dog;2022-11;MILLNER
Kelpie;Unregistered Dog;2022-11;MILLNER
American Pit Bull Terrier;Unregistered Dog;2022-11;MALAK
Mixed Breed;Fail To Comply - Conditions Registration;2022-11;JINGILI
American Pit Bull Terrier;Fail To Comply - Conditions Registration;2022-11;MILLNER
German Collie;Unregistered Dog;2022-11;MILLNER
Chihuahua;Unregistered Dog;2022-10;MALAK
Wolfhound;Unregistered Dog;2022-10;MALAK
Maltese;Dog at Large;2023-09;ALAWA
Bull Arab;Unregistered Dog;2025-09;MUIRHEAD
Labrador;Fail To Contain Dog;2025-09;MUIRHEAD
Staffordshire Bull Terrier;Fail To Contain Dog;2025-12;LARRAKEYAH
Bull Arab;Fail To Contain Dog;2025-11;BRINKIN
Staffordshire Bull Terrier;Fail To Contain Dog;2025-06;LEANYER
Pit Bull Terrier;Dog Attack - Serious;2025-06;KARAMA
Great Dane;Dog Attack - Serious;2025-06;MALAK
Catahoula;Dog Attack - Aggravated;2025-05;WULAGI
Jack Russell Terrier;Fail To Contain Dog;2025-07;WULAGI
Jagdterrier;Dog Not Under Effective Control;2025-03;MALAK
Pit Bull Terrier;Fail To Comply Conditions Dangerous Dog;2025-03;KARAMA
Boxer;Unregistered Dog;2025-02;WAGAMAN
Greyhound;Fail To Contain Dog;2024-12;RAPID CREEK
Jack Russell Terrier;Fail To Contain Dog;2025-09;RAPID CREEK
American Staffordshire Terrier;Fail To Contain Dog;2025-01;LEANYER
Kelpie;Unregistered Dog;2024-11;MILLNER
Boxer;Fail To Contain Dog;2024-11;ANULA
Jack Russell Terrier;Unregistered Dog;2024-11;ANULA
Chihuahua;Dog Not Under Effective Control;2024-12;STUART PARK
Chihuahua;Unregistered Dog;2024-12;STUART PARK
Jack Russell Terrier;Unregistered Dog;2025-01;ANULA
American Pit Bull Terrier;Fail To Comply Conditions Dangerous Dog;2025-08;BRINKIN
American Pit Bull Terrier;Fail To Comply Conditions Dangerous Dog;2025-08;KARAMA
Staffordshire Bull Terrier;Fail To Comply Conditions Dangerous Dog;2025-08;MILLNER
Red Heeler;Dog Attack - Aggravated;2025-08;NAKARA
Red Heeler;Fail To Contain Dog;2025-08;NAKARA
Bull Arab;Unregistered Dog;2025-08;NAKARA
Great Dane;Dog Attack - Contact;2025-08;MALAK
Bullmastiff;Fail To Contain Dog;2024-12;KARAMA
Irish Wolfhound;Unregistered Dog;2024-12;ANULA
Staffordshire Bull Terrier;Fail To Contain Dog;2025-01;LARRAKEYAH
French Bulldog;Dog Not Under Effective Control;2025-07;LUDMILLA
French Mastiff;Unregistered Dog;2024-09;MILLNER
French Mastiff;Fail To Comply Conditions Dangerous Dog;2024-09;MILLNER
Dachshund;Dog Not Under Effective Control;2025-08;ANALA
Chihuahua;Unregistered Dog;2025-08;THE NARROWS
Pit Bull Terrier;Dog Attack - Serious;2025-08;THE NARROWS
Pit Bull Terrier;Unregistered Dog;2025-08;THE NARROWS
Staffordshire Bull Terrier;Dog Attack - Contact;2025-10;LEANYER
Pit Bull Terrier;Dog Attack - Aggravated;2025-09;COOLALINGA
Pit Bull Terrier;Dog Attack - Aggravated;2025-09;Coolalinga
American Staffordshire Terrier;Unregistered Dog;2025-04;NIGHTCLIFF
German Shepherd Dog;Unregistered Dog;2025-04;NAKARA
Border Collie;Unregistered Dog;2025-07;LUDMILLA
Dachshund;Dog Attack - Aggravated;2025-09;NIGHTCLIFF
Cane Corso;Dog Menace;2025-09;MARRARA
Novia Scotia Duck Tolling Retriever;Dog Menace;2025-08;WULAGI
Novia Scotia Duck Tolling Retriever;Fail To Contain Dog;2025-08;WULAGI
Border Collie;Fail To Comply Conditions Dangerous Dog;2025-03;ALAWA
Staffordshire Bull Terrier;Fail To Comply Conditions Dangerous Dog;2025-03;WANGURI
English Staffordshire Bull Terrier;Dog Menace;2025-03;JINGILI
Pit Bull Terrier;Fail To Contain Dog;2024-11;MALAK
Australian Cattle Dog;Fail To Contain Dog;2024-11;MALAK
Akita;Fail To Contain Dog;2024-11;NIGHTCLIFF
Kelpie;Fail To Contain Dog;2024-11;FANNIE BAY
Kelpie;Fail To Contain Dog;2025-10;RAPID CREEK
Bullmastiff;Fail To Contain Dog;2024-11;KARAMA
Chihuahua;Unregistered Dog;2025-01;MOIL
Pit Bull Terrier;Dog Attack - Serious;2025-01;NAKARA
American Pit Bull Terrier;Fail To Contain Dog;2025-02;BRINKIN
American Pit Bull Terrier;Dog Attack - Contact;2025-02;BRINKIN
Cavoodle (Toy);Dog Not Under Effective Control;2025-02;MALAK
Maltese;Fail To Contain Dog;2025-06;LEANYER
Staffordshire Bull Terrier;Dog Attack - Aggravated;2025-12;MALAK
Staffordshire Bull Terrier;Fail To Contain Dog;2025-03;LEANYER
Unknown;Unregistered Dog;2025-11;KARAMA
Staffordshire Bull Terrier;Fail To Contain Dog;2025-10;BATCHELOR
English Staffordshire Bull Terrier;Fail To Contain Dog;2025-09;LYONS
Shar Pei;Fail To Contain Dog;2025-06;TIWI
Blue Heeler;Fail To Contain Dog;2025-08;LARRAKEYAH
German Shepherd Dog;Fail To Contain Dog;2025-08;MOIL
Labrador Retriever;Unregistered Dog;2025-10;LARRAKEYAH
Bulldog;Fail To Contain Dog;2025-11;WAGAMAN
Wolfhound;Fail To Contain Dog;2025-11;MALAK
Jack Russell Terrier;Fail To Contain Dog;2025-11;WULAGI
American Staffordshire Terrier;Unregistered Dog;2025-08;WULAGI
Chihuahua;Unregistered Dog;2025-09;KARAMA
Cross Breed;Dog Menace;2025-12;KARAMA
Cross Breed;Unregistered Dog;2025-12;KARAMA
Shar Pei;Unregistered Dog;2024-03;WAGAMAN
French Mastiff;Fail To Contain Dog;2024-04;MILLNER
French Mastiff;Unregistered Dog;2024-04;MILLNER
